feature_policy,feature_count,source_rows,training_rows,validation_rows,training_scope,threshold,precision_not_merged,recall_not_merged,f1_not_merged,source_table
headline_leakage_safer_features,25,1045883,784412,261471,full_source_internal_validation,0.5777521177671292,0.366296179890854,0.4524280067758328,0.4048314518038999,top_validation_f1
headline_leakage_safer_features,25,1045883,784412,261471,full_source_internal_validation,0.5777604634537808,0.3663094727818259,0.4523927159796725,0.4048254409372977,top_validation_f1
headline_leakage_safer_features,25,1045883,784412,261471,full_source_internal_validation,0.5777495982989476,0.3662857142857142,0.4524280067758328,0.4048250599974737,top_validation_f1
headline_leakage_safer_features,25,1045883,784412,261471,full_source_internal_validation,0.5777604457251331,0.36629900560064,0.4523927159796725,0.4048190488220804,top_validation_f1
headline_leakage_safer_features,25,1045883,784412,261471,full_source_internal_validation,0.5777480058087744,0.366275249278592,0.4524280067758328,0.4048186683928825,top_validation_f1
headline_leakage_safer_features,25,1045883,784412,261471,full_source_internal_validation,0.5777604394635185,0.3662885390176301,0.4523927159796725,0.4048126569087206,top_validation_f1
headline_leakage_safer_features,25,1045883,784412,261471,full_source_internal_validation,0.5777418507383357,0.366264784869436,0.4524280067758328,0.4048122769901165,top_validation_f1
headline_leakage_safer_features,25,1045883,784412,261471,full_source_internal_validation,0.5777528924614282,0.3662780730327447,0.4523927159796725,0.4048062651972084,top_validation_f1
headline_leakage_safer_features,25,1045883,784412,261471,full_source_internal_validation,0.577737795248914,0.366254321058195,0.4524280067758328,0.4048058857891662,top_validation_f1
headline_leakage_safer_features,25,1045883,784412,261471,full_source_internal_validation,0.5777652678573233,0.3662913642338686,0.4523574251835121,0.404800252644876,top_validation_f1
headline_leakage_safer_features,25,1045883,784412,261471,full_source_internal_validation,0.5777362218776274,0.3662438578448177,0.4524280067758328,0.4047994947900221,top_validation_f1
headline_leakage_safer_features,25,1045883,784412,261471,full_source_internal_validation,0.5777357666437184,0.3662333952292529,0.4524280067758328,0.4047931039926746,top_validation_f1
headline_leakage_safer_features,25,1045883,784412,261471,full_source_internal_validation,0.5841618713691377,0.3748909676060998,0.4398644833427442,0.4047870353831415,top_validation_f1
headline_leakage_safer_features,25,1045883,784412,261471,full_source_internal_validation,0.577729214077334,0.3662229332114494,0.4524280067758328,0.404786713397114,top_validation_f1
headline_leakage_safer_features,25,1045883,784412,261471,full_source_internal_validation,0.584158581037199,0.3748796920115496,0.4398644833427442,0.4047804624577812,top_validation_f1
headline_leakage_safer_features,25,1045883,784412,261471,full_source_internal_validation,0.5777249093856555,0.366212471791356,0.4524280067758328,0.4047803230033311,top_validation_f1
headline_leakage_safer_features,25,1045883,784412,261471,full_source_internal_validation,0.5837803278092922,0.3743403693931398,0.4406055900621118,0.4047788873038516,top_validation_f1
headline_leakage_safer_features,25,1045883,784412,261471,full_source_internal_validation,0.5777675187246922,0.3662732546509302,0.4523221343873518,0.4047750635569802,top_validation_f1
headline_leakage_safer_features,25,1045883,784412,261471,full_source_internal_validation,0.5777151100358346,0.3662020109689214,0.4524280067758328,0.4047739328113159,top_validation_f1
headline_leakage_safer_features,25,1045883,784412,261471,full_source_internal_validation,0.5841537733619522,0.374868417095251,0.4398644833427442,0.4047738897458796,top_validation_f1
headline_leakage_safer_features,25,1045883,784412,261471,full_source_internal_validation,0.5776940713793837,0.3661782766401051,0.4524632975719932,0.404773556015091,top_validation_f1
headline_leakage_safer_features,25,1045883,784412,261471,full_source_internal_validation,0.5837761932437322,0.3743291458039756,0.4406055900621118,0.4047723256982606,top_validation_f1
headline_leakage_safer_features,25,1045883,784412,261471,full_source_internal_validation,0.5841927570721461,0.3748834411189652,0.4398291925465838,0.4047677043243858,top_validation_f1
headline_leakage_safer_features,25,1045883,784412,261471,full_source_internal_validation,0.5777109928634484,0.3661915507440944,0.4524280067758328,0.4047675428210593,top_validation_f1
headline_leakage_safer_features,25,1045883,784412,261471,full_source_internal_validation,0.5841431186534931,0.3748571428571428,0.4398644833427442,0.4047673172474262,top_validation_f1
headline_leakage_safer_features,25,1045883,784412,261471,full_source_internal_validation,0.0371192019624778,0.1083714828795545,1.0,0.1955508321055047,curve_sample
headline_leakage_safer_features,25,1045883,784412,261471,full_source_internal_validation,0.1047486912028812,0.108640469945858,0.999894127611519,0.1959866081927977,curve_sample
headline_leakage_safer_features,25,1045883,784412,261471,full_source_internal_validation,0.119808161966624,0.1089117665149464,0.9998235460191982,0.1964265904930944,curve_sample
headline_leakage_safer_features,25,1045883,784412,261471,full_source_internal_validation,0.129123554268723,0.1091725440320653,0.9996823828345568,0.1968478766947179,curve_sample
headline_leakage_safer_features,25,1045883,784412,261471,full_source_internal_validation,0.1367084406118225,0.1094324750394114,0.9995059288537548,0.197266876549745,curve_sample
headline_leakage_safer_features,25,1045883,784412,261471,full_source_internal_validation,0.1427083422619164,0.1096885906976203,0.9992941840767928,0.1976787615407438,curve_sample
headline_leakage_safer_features,25,1045883,784412,261471,full_source_internal_validation,0.1482501413957646,0.1099468713105076,0.9990824392998306,0.1980939319301388,curve_sample
headline_leakage_safer_features,25,1045883,784412,261471,full_source_internal_validation,0.1529755062147609,0.1102134104793461,0.9989412761151892,0.1985236617396946,curve_sample
headline_leakage_safer_features,25,1045883,784412,261471,full_source_internal_validation,0.1571579370811514,0.110468316333103,0.9986942405420668,0.1989321954665757,curve_sample
headline_leakage_safer_features,25,1045883,784412,261471,full_source_internal_validation,0.1609467610465949,0.1107262644170746,0.998447204968944,0.1993454266176735,curve_sample
headline_leakage_safer_features,25,1045883,784412,261471,full_source_internal_validation,0.1645886444200078,0.1109846775617508,0.9982001693958216,0.1997591731375644,curve_sample
headline_leakage_safer_features,25,1045883,784412,261471,full_source_internal_validation,0.1677785632250689,0.1112247587501032,0.9977766798418972,0.2001394527364945,curve_sample
headline_leakage_safer_features,25,1045883,784412,261471,full_source_internal_validation,0.1710365133850441,0.1114674050233497,0.9973531902879728,0.2005236419367656,curve_sample
headline_leakage_safer_features,25,1045883,784412,261471,full_source_internal_validation,0.1739966197113484,0.1117420722327455,0.9972120271033316,0.2009651047426684,curve_sample
headline_leakage_safer_features,25,1045883,784412,261471,full_source_internal_validation,0.1767430828711946,0.1120133217032749,0.9970355731225296,0.201400076989977,curve_sample
headline_leakage_safer_features,25,1045883,784412,261471,full_source_internal_validation,0.1795617717736342,0.1122691948402997,0.9967179559570865,0.2018070674988656,curve_sample
headline_leakage_safer_features,25,1045883,784412,261471,full_source_internal_validation,0.1824587968130411,0.1125148958387303,0.996294466403162,0.2021952049275725,curve_sample
headline_leakage_safer_features,25,1045883,784412,261471,full_source_internal_validation,0.1850026440144943,0.1127578890163154,0.9958356860530774,0.202577991234399,curve_sample
headline_leakage_safer_features,25,1045883,784412,261471,full_source_internal_validation,0.1873329593074484,0.1130044232186929,0.9953769057029926,0.2029662358596471,curve_sample
headline_leakage_safer_features,25,1045883,784412,261471,full_source_internal_validation,0.1895896148509281,0.1132785666941169,0.9951651609260304,0.20340389005702,curve_sample
headline_leakage_safer_features,25,1045883,784412,261471,full_source_internal_validation,0.1918540481546646,0.1135147980473344,0.9946005081874648,0.2037727936604341,curve_sample
headline_leakage_safer_features,25,1045883,784412,261471,full_source_internal_validation,0.1940098591907008,0.1137742203842954,0.9942476002258612,0.2041832452764551,curve_sample
headline_leakage_safer_features,25,1045883,784412,261471,full_source_internal_validation,0.1960099163348709,0.1140485493895896,0.9940005646527386,0.2046196708330155,curve_sample
headline_leakage_safer_features,25,1045883,784412,261471,full_source_internal_validation,0.1981340381766042,0.1143013743123363,0.9935417843026538,0.2050167309323808,curve_sample
headline_leakage_safer_features,25,1045883,784412,261471,full_source_internal_validation,0.2001739273455886,0.1145731138892168,0.993259457933371,0.2054477037231693,curve_sample
headline_leakage_safer_features,25,1045883,784412,261471,full_source_internal_validation,0.2019981430330608,0.11484630424046,0.992977131564088,0.2058807388789498,curve_sample
headline_leakage_safer_features,25,1045883,784412,261471,full_source_internal_validation,0.2039198450009987,0.1151014361077346,0.9925183512140032,0.2062806910740546,curve_sample
headline_leakage_safer_features,25,1045883,784412,261471,full_source_internal_validation,0.2057278328623965,0.1153456306297063,0.9919536984754376,0.2066605151808132,curve_sample
headline_leakage_safer_features,25,1045883,784412,261471,full_source_internal_validation,0.2074773745691127,0.1156058660873,0.991494918125353,0.2070681014150943,curve_sample
headline_leakage_safer_features,25,1045883,784412,261471,full_source_internal_validation,0.2091269928738582,0.1158471929397493,0.9908949745906268,0.2074419944811179,curve_sample
headline_leakage_safer_features,25,1045883,784412,261471,full_source_internal_validation,0.2107195443182365,0.1161036758165608,0.9904009034443816,0.207842222395029,curve_sample
headline_leakage_safer_features,25,1045883,784412,261471,full_source_internal_validation,0.212431547968647,0.116357406278131,0.9898715415019764,0.2082369754449785,curve_sample
headline_leakage_safer_features,25,1045883,784412,261471,full_source_internal_validation,0.2140477746871136,0.1166514143094842,0.989659796725014,0.2087029649916646,curve_sample
headline_leakage_safer_features,25,1045883,784412,261471,full_source_internal_validation,0.2157073004918235,0.1169144268148222,0.9892010163749294,0.2091135614210471,curve_sample
headline_leakage_safer_features,25,1045883,784412,261471,full_source_internal_validation,0.2173163491216506,0.1171641041942014,0.9886010728402032,0.2094993792721779,curve_sample
headline_leakage_safer_features,25,1045883,784412,261471,full_source_internal_validation,0.2188033101306727,0.1174193494270999,0.9880364201016376,0.2098945916363036,curve_sample
headline_leakage_safer_features,25,1045883,784412,261471,full_source_internal_validation,0.2202412433206857,0.1176507696189755,0.9872600225861096,0.2102466593515609,curve_sample
headline_leakage_safer_features,25,1045883,784412,261471,full_source_internal_validation,0.2218270345269294,0.1179467282940571,0.987012987012987,0.210713478490168,curve_sample
headline_leakage_safer_features,25,1045883,784412,261471,full_source_internal_validation,0.2233296061479358,0.1181973112754737,0.9863777526821004,0.2110987330299654,curve_sample
headline_leakage_safer_features,25,1045883,784412,261471,full_source_internal_validation,0.2248942008113983,0.1184525223055263,0.9857778091473745,0.211491868318241,curve_sample
headline_leakage_safer_features,25,1045883,784412,261471,full_source_internal_validation,0.2263069467730429,0.1187446844701479,0.9854601919819312,0.2119500865288277,curve_sample
headline_leakage_safer_features,25,1045883,784412,261471,full_source_internal_validation,0.2276751243506125,0.1190033517266082,0.984860248447205,0.2123481026624359,curve_sample
headline_leakage_safer_features,25,1045883,784412,261471,full_source_internal_validation,0.2291287231236261,0.1192992058978229,0.9845426312817616,0.2128115643534145,curve_sample
headline_leakage_safer_features,25,1045883,784412,261471,full_source_internal_validation,0.230522379061459,0.119531377308164,0.9836956521739132,0.2131610140328069,curve_sample
headline_leakage_safer_features,25,1045883,784412,261471,full_source_internal_validation,0.2319432344946095,0.1197653716811875,0.9828486730660644,0.2135130369450386,curve_sample
headline_leakage_safer_features,25,1045883,784412,261471,full_source_internal_validation,0.2333911891305949,0.1200298425074606,0.9822487295313382,0.2139189916224733,curve_sample
headline_leakage_safer_features,25,1045883,784412,261471,full_source_internal_validation,0.2348244667852213,0.1203113850145961,0.9817546583850932,0.2143542365763731,curve_sample
headline_leakage_safer_features,25,1045883,784412,261471,full_source_internal_validation,0.2361921100394335,0.1205924448106865,0.981260587238848,0.2147883787938479,curve_sample
headline_leakage_safer_features,25,1045883,784412,261471,full_source_internal_validation,0.2375219891066324,0.1208664071504686,0.9806959345002824,0.2152092344269722,curve_sample
headline_leakage_safer_features,25,1045883,784412,261471,full_source_internal_validation,0.2389132223337012,0.1211326828374647,0.9800607001693958,0.2156158650915965,curve_sample
headline_leakage_safer_features,25,1045883,784412,261471,full_source_internal_validation,0.2402848017000304,0.1213912024076147,0.9793548842461886,0.2160081574195155,curve_sample
headline_leakage_safer_features,25,1045883,784412,261471,full_source_internal_validation,0.2415156697506371,0.1216703516529795,0.9787902315076228,0.216436196778624,curve_sample
headline_leakage_safer_features,25,1045883,784412,261471,full_source_internal_validation,0.2427513318463103,0.121955404596811,0.978225578769057,0.2168732200419365,curve_sample
headline_leakage_safer_features,25,1045883,784412,261471,full_source_internal_validation,0.244052182798057,0.1221903543220226,0.9772727272727272,0.2172211196787022,curve_sample
headline_leakage_safer_features,25,1045883,784412,261471,full_source_internal_validation,0.2453488125290628,0.1224510567493893,0.9765316205533596,0.2176145836610148,curve_sample
headline_leakage_safer_features,25,1045883,784412,261471,full_source_internal_validation,0.2466669900101125,0.1226832948695189,0.9755434782608696,0.2179566026429494,curve_sample
headline_leakage_safer_features,25,1045883,784412,261471,full_source_internal_validation,0.2479802062472235,0.1229797518950606,0.9750494071146244,0.2184119304819386,curve_sample
headline_leakage_safer_features,25,1045883,784412,261471,full_source_internal_validation,0.2492310534512068,0.1232629046154395,0.9744494635798984,0.2188432503120727,curve_sample
headline_leakage_safer_features,25,1045883,784412,261471,full_source_internal_validation,0.2504634016059179,0.1235477155201361,0.9738495200451722,0.2192768116460262,curve_sample
headline_leakage_safer_features,25,1045883,784412,261471,full_source_internal_validation,0.2516256584132976,0.1238431798689723,0.9733201581027668,0.2197285659086111,curve_sample
headline_leakage_safer_features,25,1045883,784412,261471,full_source_internal_validation,0.2528321468172076,0.1241088598359806,0.9725437605872388,0.2201267657948023,curve_sample
headline_leakage_safer_features,25,1045883,784412,261471,full_source_internal_validation,0.253960694989112,0.1243811881188118,0.9718026538678712,0.2205359431060994,curve_sample
headline_leakage_safer_features,25,1045883,784412,261471,full_source_internal_validation,0.2551815836607335,0.1246692881994781,0.9711674195369848,0.2209722489882443,curve_sample
headline_leakage_safer_features,25,1045883,784412,261471,full_source_internal_validation,0.2563260014303,0.1249449066480068,0.9704263128176172,0.2213858149804562,curve_sample
headline_leakage_safer_features,25,1045883,784412,261471,full_source_internal_validation,0.2575628417940091,0.1252272986213968,0.96972049689441,0.2218105351528287,curve_sample
headline_leakage_safer_features,25,1045883,784412,261471,full_source_internal_validation,0.2588317734406881,0.1255342393117854,0.9691911349520044,0.2222779789967827,curve_sample
headline_leakage_safer_features,25,1045883,784412,261471,full_source_internal_validation,0.259972809236354,0.1258103560523396,0.9684147374364764,0.2226902008520998,curve_sample
headline_leakage_safer_features,25,1045883,784412,261471,full_source_internal_validation,0.2610918388534837,0.1261415787585877,0.968061829474873,0.2231995378318781,curve_sample
headline_leakage_safer_features,25,1045883,784412,261471,full_source_internal_validation,0.2622131835373955,0.126431585987408,0.9673560135516656,0.2236345613340893,curve_sample
headline_leakage_safer_features,25,1045883,784412,261471,full_source_internal_validation,0.2632471437931293,0.126718729759239,0.966614906832298,0.2240637424125914,curve_sample
headline_leakage_safer_features,25,1045883,784412,261471,full_source_internal_validation,0.2644216807500811,0.1269618079725277,0.965520892151327,0.2244141313887772,curve_sample
headline_leakage_safer_features,25,1045883,784412,261471,full_source_internal_validation,0.2655823818532941,0.1272319350574391,0.964638622247318,0.224812067178787,curve_sample
headline_leakage_safer_features,25,1045883,784412,261471,full_source_internal_validation,0.2666785072307673,0.1275264610169808,0.9639328063241108,0.2252524544468681,curve_sample
headline_leakage_safer_features,25,1045883,784412,261471,full_source_internal_validation,0.26775088229273,0.1278018715049785,0.9630152456239413,0.2256568012106477,curve_sample
headline_leakage_safer_features,25,1045883,784412,261471,full_source_internal_validation,0.2688822178035368,0.1281422497827261,0.9626270468661772,0.2261765083892687,curve_sample
headline_leakage_safer_features,25,1045883,784412,261471,full_source_internal_validation,0.2699211049182545,0.1284541581844228,0.9619918125352908,0.226644605560729,curve_sample
headline_leakage_safer_features,25,1045883,784412,261471,full_source_internal_validation,0.2709894427209295,0.1287815761609438,0.9614624505928854,0.2271393316881211,curve_sample
headline_leakage_safer_features,25,1045883,784412,261471,full_source_internal_validation,0.2720818980827728,0.1290831930581569,0.9607213438735178,0.2275875618126413,curve_sample
headline_leakage_safer_features,25,1045883,784412,261471,full_source_internal_validation,0.2731730017999672,0.1293718101779403,0.9598743647656692,0.228012155506654,curve_sample
headline_leakage_safer_features,25,1045883,784412,261471,full_source_internal_validation,0.2742627019383474,0.1297010239428958,0.9593097120271034,0.2285073008347414,curve_sample
headline_leakage_safer_features,25,1045883,784412,261471,full_source_internal_validation,0.2753202831712036,0.1299861197530273,0.9584274421230944,0.2289244982424788,curve_sample
headline_leakage_safer_features,25,1045883,784412,261471,full_source_internal_validation,0.2764341601190799,0.1303126620445946,0.957827498588368,0.229413554680236,curve_sample
headline_leakage_safer_features,25,1045883,784412,261471,full_source_internal_validation,0.2774872203093965,0.1305895385800982,0.956839356295878,0.2298140331248198,curve_sample
headline_leakage_safer_features,25,1045883,784412,261471,full_source_internal_validation,0.2784529268638762,0.1308952634961129,0.95606295878035,0.2302648075035167,curve_sample
headline_leakage_safer_features,25,1045883,784412,261471,full_source_internal_validation,0.2795323253562323,0.1312138896428709,0.9553571428571428,0.2307371040878251,curve_sample
headline_leakage_safer_features,25,1045883,784412,261471,full_source_internal_validation,0.2805991616680842,0.1315673031571679,0.9548983625070582,0.2312698989294643,curve_sample
headline_leakage_safer_features,25,1045883,784412,261471,full_source_internal_validation,0.2816584980538537,0.1318608417396733,0.9539808018068888,0.2316962372503642,curve_sample
headline_leakage_safer_features,25,1045883,784412,261471,full_source_internal_validation,0.2826924935314852,0.1321618024154873,0.9530985319028796,0.2321345687713809,curve_sample
headline_leakage_safer_features,25,1045883,784412,261471,full_source_internal_validation,0.2836749575885223,0.1324578413804953,0.9521809712027104,0.2325637522572415,curve_sample
headline_leakage_safer_features,25,1045883,784412,261471,full_source_internal_validation,0.2847439724669564,0.1327754848750504,0.9514045736871825,0.2330299337015619,curve_sample
headline_leakage_safer_features,25,1045883,784412,261471,full_source_internal_validation,0.2857967440932071,0.1330520240924565,0.9503105590062112,0.2334227623600595,curve_sample
headline_leakage_safer_features,25,1045883,784412,261471,full_source_internal_validation,0.2868025829940726,0.1333756338886933,0.9495341614906831,0.2338970821543289,curve_sample
headline_leakage_safer_features,25,1045883,784412,261471,full_source_internal_validation,0.287863890518906,0.1336509578467843,0.9484048560135516,0.2342859135529091,curve_sample
headline_leakage_safer_features,25,1045883,784412,261471,full_source_internal_validation,0.288856166250355,0.1339723184081588,0.9475931677018632,0.234754631532012,curve_sample
headline_leakage_safer_features,25,1045883,784412,261471,full_source_internal_validation,0.2898463246127125,0.1342570807845179,0.9464991530208922,0.2351579556514191,curve_sample
headline_leakage_safer_features,25,1045883,784412,261471,full_source_internal_validation,0.2908538959021216,0.1345976134035116,0.9457933370976848,0.2356582603496183,curve_sample
headline_leakage_safer_features,25,1045883,784412,261471,full_source_internal_validation,0.2919005416775599,0.1349403904100615,0.9450875211744776,0.2361614504792895,curve_sample
headline_leakage_safer_features,25,1045883,784412,261471,full_source_internal_validation,0.2929376050772826,0.1352787425618936,0.9443111236589498,0.2366550954076105,curve_sample
headline_leakage_safer_features,25,1045883,784412,261471,full_source_internal_validation,0.2939314362030748,0.135610156939527,0.9434994353472614,0.2371364454812357,curve_sample
headline_leakage_safer_features,25,1045883,784412,261471,full_source_internal_validation,0.2949701852703528,0.1359234171191849,0.9425465838509316,0.2375850090513234,curve_sample
headline_leakage_safer_features,25,1045883,784412,261471,full_source_internal_validation,0.2960101352156521,0.1362663847996037,0.9417701863354038,0.2380839797834708,curve_sample
headline_leakage_safer_features,25,1045883,784412,261471,full_source_internal_validation,0.2970215123173767,0.1365904642846164,0.9408526256352344,0.2385490206605284,curve_sample
headline_leakage_safer_features,25,1045883,784412,261471,full_source_internal_validation,0.2979744675374653,0.1369365849646323,0.9400762281197064,0.2390516189245458,curve_sample
headline_leakage_safer_features,25,1045883,784412,261471,full_source_internal_validation,0.2990006654899499,0.1372805909022917,0.939264539808018,0.2395492531805642,curve_sample
headline_leakage_safer_features,25,1045883,784412,261471,full_source_internal_validation,0.2999310596695796,0.1376149637964319,0.9383469791078488,0.2400281653268577,curve_sample
headline_leakage_safer_features,25,1045883,784412,261471,full_source_internal_validation,0.3008874738159697,0.1379065008984306,0.9371470920383964,0.240432062437187,curve_sample
headline_leakage_safer_features,25,1045883,784412,261471,full_source_internal_validation,0.3018588705361777,0.1382789131952767,0.9364765669113496,0.2409756717732634,curve_sample
headline_leakage_safer_features,25,1045883,784412,261471,full_source_internal_validation,0.3028381460998314,0.1386307902263541,0.9356648785996612,0.2414827970945192,curve_sample
headline_leakage_safer_features,25,1045883,784412,261471,full_source_internal_validation,0.3038311956294164,0.1389977596239106,0.9349237718802936,0.2420145343924286,curve_sample
headline_leakage_safer_features,25,1045883,784412,261471,full_source_internal_validation,0.3047703331519181,0.1393355446743537,0.9339356295878036,0.242493104743753,curve_sample
headline_leakage_safer_features,25,1045883,784412,261471,full_source_internal_validation,0.3057311526788437,0.1396546805160772,0.9328416149068324,0.2429392031616194,curve_sample
headline_leakage_safer_features,25,1045883,784412,261471,full_source_internal_validation,0.3067230007708329,0.1400283110397149,0.9321005081874648,0.2434790624783941,curve_sample
headline_leakage_safer_features,25,1045883,784412,261471,full_source_internal_validation,0.3076691062698408,0.1403825180219721,0.9312182382834556,0.2439840777435148,curve_sample
headline_leakage_safer_features,25,1045883,784412,261471,full_source_internal_validation,0.3085970039959173,0.1407170923379175,0.9301948051948052,0.2444539249146757,curve_sample
headline_leakage_safer_features,25,1045883,784412,261471,full_source_internal_validation,0.3095534629563465,0.1411113611280765,0.9295242800677584,0.2450253500162797,curve_sample
headline_leakage_safer_features,25,1045883,784412,261471,full_source_internal_validation,0.3104470403259181,0.1414838709677419,0.92871259175607,0.2455583756345177,curve_sample
headline_leakage_safer_features,25,1045883,784412,261471,full_source_internal_validation,0.3114644480198126,0.1418104122715672,0.927547995482778,0.246009126009126,curve_sample
headline_leakage_safer_features,25,1045883,784412,261471,full_source_internal_validation,0.3124621172452105,0.1421439632673835,0.9264539808018069,0.2464721953601037,curve_sample
headline_leakage_safer_features,25,1045883,784412,261471,full_source_internal_validation,0.3134405255440302,0.1425093734717165,0.9255364201016376,0.246988689338218,curve_sample
headline_leakage_safer_features,25,1045883,784412,261471,full_source_internal_validation,0.3144222346585039,0.1428820722563054,0.9246541501976284,0.2475166618645228,curve_sample
headline_leakage_safer_features,25,1045883,784412,261471,full_source_internal_validation,0.3153523115873378,0.1431972416812609,0.9233836815358556,0.2479436737169282,curve_sample
headline_leakage_safer_features,25,1045883,784412,261471,full_source_internal_validation,0.3163081245390369,0.1435193830808608,0.9221485036702428,0.2483816693757664,curve_sample
headline_leakage_safer_features,25,1045883,784412,261471,full_source_internal_validation,0.3171929168290136,0.1439052758653003,0.921301524562394,0.2489284709674035,curve_sample
headline_leakage_safer_features,25,1045883,784412,261471,full_source_internal_validation,0.3181463104088214,0.144265505623572,0.9202780914737436,0.2494296796162473,curve_sample
headline_leakage_safer_features,25,1045883,784412,261471,full_source_internal_validation,0.3191086707607941,0.1446561134461946,0.9194311123658948,0.2499820091249717,curve_sample
headline_leakage_safer_features,25,1045883,784412,261471,full_source_internal_validation,0.320063561904178,0.1449779323257991,0.9181253529079616,0.2504138913487082,curve_sample
headline_leakage_safer_features,25,1045883,784412,261471,full_source_internal_validation,0.3210527685464472,0.1453356675037613,0.9170313382269903,0.2509064399480517,curve_sample
headline_leakage_safer_features,25,1045883,784412,261471,full_source_internal_validation,0.3219953352975089,0.1457506469884861,0.9162549407114624,0.2514953818733078,curve_sample
headline_leakage_safer_features,25,1045883,784412,261471,full_source_internal_validation,0.3229722693506609,0.1460848889164351,0.9149844720496896,0.2519447076257804,curve_sample
headline_leakage_safer_features,25,1045883,784412,261471,full_source_internal_validation,0.3238850378300071,0.1464523645247763,0.9138904573687182,0.2524493317345656,curve_sample
headline_leakage_safer_features,25,1045883,784412,261471,full_source_internal_validation,0.3247649606445889,0.1467658161382794,0.9124435347261434,0.2528593992205417,curve_sample
headline_leakage_safer_features,25,1045883,784412,261471,full_source_internal_validation,0.3257477371753341,0.1471548467599952,0.9114553924336533,0.253398415462729,curve_sample
headline_leakage_safer_features,25,1045883,784412,261471,full_source_internal_validation,0.3266440918700946,0.1475353582723773,0.9103966685488424,0.2539212260506228,curve_sample
headline_leakage_safer_features,25,1045883,784412,261471,full_source_internal_validation,0.3275610604413078,0.1478653723614946,0.9090203274985884,0.2543560372281334,curve_sample
headline_leakage_safer_features,25,1045883,784412,261471,full_source_internal_validation,0.3284658389113142,0.1482177225109771,0.9077498588368154,0.254827172846967,curve_sample
headline_leakage_safer_features,25,1045883,784412,261471,full_source_internal_validation,0.3294172298430526,0.1486016716314313,0.906655844155844,0.2553510816465478,curve_sample
headline_leakage_safer_features,25,1045883,784412,261471,full_source_internal_validation,0.3304145395925246,0.1490184465850302,0.9057382834556748,0.255929558293404,curve_sample
headline_leakage_safer_features,25,1045883,784412,261471,full_source_internal_validation,0.3313747370235086,0.1494492044063647,0.904891304347826,0.2565305693676027,curve_sample
headline_leakage_safer_features,25,1045883,784412,261471,full_source_internal_validation,0.3323106848948536,0.1497896590663086,0.9034796725014116,0.2569749409030911,curve_sample
headline_leakage_safer_features,25,1045883,784412,261471,full_source_internal_validation,0.3332343128739981,0.1501738558406165,0.9023150762281196,0.2574927489526264,curve_sample
headline_leakage_safer_features,25,1045883,784412,261471,full_source_internal_validation,0.3341263844250026,0.1505542452830188,0.9011151891586674,0.2580025866946892,curve_sample
headline_leakage_safer_features,25,1045883,784412,261471,full_source_internal_validation,0.3350652424459105,0.1509349085807975,0.8999153020892151,0.2585118839433707,curve_sample
headline_leakage_safer_features,25,1045883,784412,261471,full_source_internal_validation,0.3359960642576964,0.1513476896748431,0.8988565782044043,0.2590731548539344,curve_sample
headline_leakage_safer_features,25,1045883,784412,261471,full_source_internal_validation,0.3368910726292043,0.1517458196374135,0.8976919819311123,0.2596075829867578,curve_sample
headline_leakage_safer_features,25,1045883,784412,261471,full_source_internal_validation,0.3377953191759199,0.1521383696765345,0.89649209486166,0.2601313815543574,curve_sample
headline_leakage_safer_features,25,1045883,784412,261471,full_source_internal_validation,0.3387719822322106,0.1525002855923184,0.895115753811406,0.2606019819477337,curve_sample
headline_leakage_safer_features,25,1045883,784412,261471,full_source_internal_validation,0.3396821332972611,0.1528729318452075,0.8937747035573123,0.2610887460503188,curve_sample
headline_leakage_safer_features,25,1045883,784412,261471,full_source_internal_validation,0.3406386782410053,0.153235483049923,0.8923630717108978,0.2615567623480734,curve_sample
headline_leakage_safer_features,25,1045883,784412,261471,full_source_internal_validation,0.3414928712753269,0.1536748600632757,0.8913749294184077,0.2621538589280525,curve_sample
headline_leakage_safer_features,25,1045883,784412,261471,full_source_internal_validation,0.3424230666219414,0.1541168062453041,0.8903867871259176,0.2627536541295439,curve_sample
headline_leakage_safer_features,25,1045883,784412,261471,full_source_internal_validation,0.3433217812451336,0.154526442322435,0.8891869000564653,0.2632962186959543,curve_sample
headline_leakage_safer_features,25,1045883,784412,261471,full_source_internal_validation,0.3442722191037919,0.1549199507389162,0.8878811405985318,0.2638096636188239,curve_sample
headline_leakage_safer_features,25,1045883,784412,261471,full_source_internal_validation,0.3451531346519111,0.1553404060637535,0.8867165443252399,0.2643673323372825,curve_sample
headline_leakage_safer_features,25,1045883,784412,261471,full_source_internal_validation,0.346070130582403,0.155798203522189,0.8857284020327498,0.2649858258239235,curve_sample
headline_leakage_safer_features,25,1045883,784412,261471,full_source_internal_validation,0.3469674656276544,0.1561859172136103,0.8843167701863354,0.2654828815561548,curve_sample
headline_leakage_safer_features,25,1045883,784412,261471,full_source_internal_validation,0.3479538322480213,0.1565787744321844,0.8829051383399209,0.2659862318262764,curve_sample
headline_leakage_safer_features,25,1045883,784412,261471,full_source_internal_validation,0.3489410096970216,0.1569342148261732,0.8812817617165444,0.2664248372986237,curve_sample
headline_leakage_safer_features,25,1045883,784412,261471,full_source_internal_validation,0.3498064200937103,0.1573095392847902,0.8797642574816488,0.2668957801367186,curve_sample
headline_leakage_safer_features,25,1045883,784412,261471,full_source_internal_validation,0.3506932968339844,0.157778678967912,0.8787408243929983,0.2675233142808028,curve_sample
headline_leakage_safer_features,25,1045883,784412,261471,full_source_internal_validation,0.3516157065158189,0.1581817371994324,0.8773291925465838,0.2680366798384879,curve_sample
headline_leakage_safer_features,25,1045883,784412,261471,full_source_internal_validation,0.3525347562261471,0.158612713808328,0.8760587238848109,0.2685955107848282,curve_sample
headline_leakage_safer_features,25,1045883,784412,261471,full_source_internal_validation,0.3534383115633346,0.1590311196663458,0.8746823828345568,0.2691301184672016,curve_sample
headline_leakage_safer_features,25,1045883,784412,261471,full_source_internal_validation,0.3543162884603349,0.1594778148639767,0.8734472049689441,0.26971067400425,curve_sample
headline_leakage_safer_features,25,1045883,784412,261471,full_source_internal_validation,0.3551802304776646,0.1598830061214717,0.8719649915302089,0.2702188392007612,curve_sample
headline_leakage_safer_features,25,1045883,784412,261471,full_source_internal_validation,0.3560724976635648,0.1603251863452928,0.8706592320722756,0.2707870286526505,curve_sample
headline_leakage_safer_features,25,1045883,784412,261471,full_source_internal_validation,0.3569873846822953,0.1607570566160874,0.8692828910220215,0.2713358044954588,curve_sample
headline_leakage_safer_features,25,1045883,784412,261471,full_source_internal_validation,0.357953413835553,0.1612440191387559,0.8681888763410502,0.2719755010889633,curve_sample
headline_leakage_safer_features,25,1045883,784412,261471,full_source_internal_validation,0.3587825130778738,0.1617012032965586,0.8669184076792772,0.2725628564454208,curve_sample
headline_leakage_safer_features,25,1045883,784412,261471,full_source_internal_validation,0.3596937537851422,0.1621689518848091,0.8656832298136646,0.2731656254523992,curve_sample
headline_leakage_safer_features,25,1045883,784412,261471,full_source_internal_validation,0.360608661701734,0.1626362827510192,0.8644127611518916,0.2737646835287411,curve_sample
headline_leakage_safer_features,25,1045883,784412,261471,full_source_internal_validation,0.3615029606647315,0.1630799394468859,0.8630011293054771,0.2743217396669414,curve_sample
headline_leakage_safer_features,25,1045883,784412,261471,full_source_internal_validation,0.3624115552994711,0.163506299523768,0.8614836250705816,0.2748475789971458,curve_sample
headline_leakage_safer_features,25,1045883,784412,261471,full_source_internal_validation,0.3632907956178568,0.1640204520990312,0.8603896103896104,0.2755175843052165,curve_sample
headline_leakage_safer_features,25,1045883,784412,261471,full_source_internal_validation,0.3641107370011238,0.1644242919794841,0.8586956521739131,0.2759997504523052,curve_sample
headline_leakage_safer_features,25,1045883,784412,261471,full_source_internal_validation,0.3650062963340956,0.1649030401346645,0.8573898927159797,0.276606039905502,curve_sample
headline_leakage_safer_features,25,1045883,784412,261471,full_source_internal_validation,0.3658702928027023,0.165358786432589,0.8559429700734048,0.2771711492420476,curve_sample
headline_leakage_safer_features,25,1045883,784412,261471,full_source_internal_validation,0.3667864827887543,0.1659498698808382,0.8551665725578769,0.2779600357888458,curve_sample
headline_leakage_safer_features,25,1045883,784412,261471,full_source_internal_validation,0.3676687490787209,0.1664488257226586,0.8538961038961039,0.2785920714787395,curve_sample
headline_leakage_safer_features,25,1045883,784412,261471,full_source_internal_validation,0.368535867782866,0.1669338677354709,0.8525197628458498,0.2791974388312934,curve_sample
headline_leakage_safer_features,25,1045883,784412,261471,full_source_internal_validation,0.3694646531097262,0.167418678587791,0.8511434217955957,0.2798009211457475,curve_sample
headline_leakage_safer_features,25,1045883,784412,261471,full_source_internal_validation,0.3703457865061773,0.1679323305649114,0.8498729531338227,0.2804488205940409,curve_sample
headline_leakage_safer_features,25,1045883,784412,261471,full_source_internal_validation,0.3712297837552621,0.1683888277862232,0.8482848673066065,0.2809981120274954,curve_sample
headline_leakage_safer_features,25,1045883,784412,261471,full_source_internal_validation,0.3721830585216998,0.1689034646323182,0.846979107848673,0.2816422087790223,curve_sample
headline_leakage_safer_features,25,1045883,784412,261471,full_source_internal_validation,0.3730460775049053,0.1694523395410003,0.8458145115753811,0.2823400520692214,curve_sample
headline_leakage_safer_features,25,1045883,784412,261471,full_source_internal_validation,0.3740134993363287,0.1700016337431897,0.8446146245059288,0.2830348220462756,curve_sample
headline_leakage_safer_features,25,1045883,784412,261471,full_source_internal_validation,0.3748434980395296,0.1704977698483497,0.8431324110671937,0.2836383495289711,curve_sample
headline_leakage_safer_features,25,1045883,784412,261471,full_source_internal_validation,0.3757688152006645,0.1710032910067326,0.8416854884246189,0.2842551264250001,curve_sample
headline_leakage_safer_features,25,1045883,784412,261471,full_source_internal_validation,0.3767505865837326,0.1714355693868142,0.8398503670242801,0.2847468172681152,curve_sample
headline_leakage_safer_features,25,1045883,784412,261471,full_source_internal_validation,0.3776381128888623,0.1719166184134337,0.8382269904009034,0.2853161637516817,curve_sample
headline_leakage_safer_features,25,1045883,784412,261471,full_source_internal_validation,0.3785371343509105,0.1724155485255081,0.8366741953698476,0.285912410079534,curve_sample
headline_leakage_safer_features,25,1045883,784412,261471,full_source_internal_validation,0.3794111264120036,0.1729824920351913,0.8354390175042349,0.2866188827275588,curve_sample
headline_leakage_safer_features,25,1045883,784412,261471,full_source_internal_validation,0.3803254494279373,0.1735194349403075,0.8340273856578204,0.28727193163723,curve_sample
headline_leakage_safer_features,25,1045883,784412,261471,full_source_internal_validation,0.3812405857613438,0.1740407103280877,0.8325098814229249,0.2878953374135795,curve_sample
headline_leakage_safer_features,25,1045883,784412,261471,full_source_internal_validation,0.3820962350888226,0.1745805810703615,0.8310629587803501,0.2885464849134629,curve_sample
headline_leakage_safer_features,25,1045883,784412,261471,full_source_internal_validation,0.3830385370740556,0.1751121176453059,0.8295454545454546,0.2891800455188534,curve_sample
headline_leakage_safer_features,25,1045883,784412,261471,full_source_internal_validation,0.3839084418013011,0.1756074920273689,0.8278514963297572,0.2897516026630763,curve_sample
headline_leakage_safer_features,25,1045883,784412,261471,full_source_internal_validation,0.3847584513956722,0.1761957781021019,0.8265457368718239,0.2904714067790304,curve_sample
headline_leakage_safer_features,25,1045883,784412,261471,full_source_internal_validation,0.3856093223906799,0.1766902798043411,0.8247811970638057,0.2910333920688389,curve_sample
headline_leakage_safer_features,25,1045883,784412,261471,full_source_internal_validation,0.3864930805312725,0.1772062454887361,0.8230872388481084,0.2916268107107801,curve_sample
headline_leakage_safer_features,25,1045883,784412,261471,full_source_internal_validation,0.3874476593019056,0.1777952563495578,0.821675607001694,0.2923347353882855,curve_sample
headline_leakage_safer_features,25,1045883,784412,261471,full_source_internal_validation,0.3883505238326885,0.1784127276494831,0.8204051383399209,0.2930879061997667,curve_sample
headline_leakage_safer_features,25,1045883,784412,261471,full_source_internal_validation,0.3892505997804439,0.1790413896302238,0.8191699604743083,0.2938562621058095,curve_sample
headline_leakage_safer_features,25,1045883,784412,261471,full_source_internal_validation,0.3901806561867829,0.1795875649275137,0.8175112930547713,0.29448406493523,curve_sample
headline_leakage_safer_features,25,1045883,784412,261471,full_source_internal_validation,0.3910439219876996,0.1801039450820885,0.8157114624505929,0.2950604124514115,curve_sample
headline_leakage_safer_features,25,1045883,784412,261471,full_source_internal_validation,0.3919868082985821,0.1807473312395736,0.8144409937888198,0.2958395559458264,curve_sample
headline_leakage_safer_features,25,1045883,784412,261471,full_source_internal_validation,0.3929426005220965,0.1813279380274594,0.8128529079616036,0.2965113285272915,curve_sample
headline_leakage_safer_features,25,1045883,784412,261471,full_source_internal_validation,0.3938957351000292,0.1819699763387593,0.8115118577075099,0.2972793029223738,curve_sample
headline_leakage_safer_features,25,1045883,784412,261471,full_source_internal_validation,0.3947846085737194,0.1825362733867888,0.8098178994918125,0.2979201287910261,curve_sample
headline_leakage_safer_features,25,1045883,784412,261471,full_source_internal_validation,0.3956880124511492,0.1832524368887787,0.8087591756070017,0.2988011186951164,curve_sample
headline_leakage_safer_features,25,1045883,784412,261471,full_source_internal_validation,0.3966660053559548,0.1838445709141185,0.8071357989836251,0.2994762341233468,curve_sample
headline_leakage_safer_features,25,1045883,784412,261471,full_source_internal_validation,0.3975754594988909,0.1844106310252038,0.805371259175607,0.3001045454246582,curve_sample
headline_leakage_safer_features,25,1045883,784412,261471,full_source_internal_validation,0.398476683655938,0.1849288360304153,0.8033596837944664,0.3006497966083787,curve_sample
headline_leakage_safer_features,25,1045883,784412,261471,full_source_internal_validation,0.3993743973336724,0.1856567652992053,0.8022303783173348,0.3015314006778222,curve_sample
headline_leakage_safer_features,25,1045883,784412,261471,full_source_internal_validation,0.4002995612074491,0.1861954576059645,0.8002540937323546,0.3021009578875847,curve_sample
headline_leakage_safer_features,25,1045883,784412,261471,full_source_internal_validation,0.4011735777746953,0.1867152091537261,0.7981719367588933,0.3026353643279118,curve_sample
headline_leakage_safer_features,25,1045883,784412,261471,full_source_internal_validation,0.4021154153549653,0.1873832745382859,0.7966897233201581,0.303404990222497,curve_sample
headline_leakage_safer_features,25,1045883,784412,261471,full_source_internal_validation,0.4029721889334861,0.1879438838954124,0.7947487295313382,0.3039977321661188,curve_sample
headline_leakage_safer_features,25,1045883,784412,261471,full_source_internal_validation,0.4038956773589933,0.1886344373861891,0.7933018068887634,0.3047938008040514,curve_sample
headline_leakage_safer_features,25,1045883,784412,261471,full_source_internal_validation,0.4047968183893073,0.1892888483866612,0.7916784302653868,0.3055268032251035,curve_sample
headline_leakage_safer_features,25,1045883,784412,261471,full_source_internal_validation,0.4057636058507649,0.1899521449904968,0.7900550536420101,0.3062684688628652,curve_sample
headline_leakage_safer_features,25,1045883,784412,261471,full_source_internal_validation,0.4066390331824385,0.1906265197989812,0.7884669678147939,0.3070242340541023,curve_sample
headline_leakage_safer_features,25,1045883,784412,261471,full_source_internal_validation,0.4075843196556246,0.1912655512655512,0.7867024280067758,0.307717791919164,curve_sample
headline_leakage_safer_features,25,1045883,784412,261471,full_source_internal_validation,0.4084977963735261,0.1919668665602485,0.7851496329757199,0.3085051063918297,curve_sample
headline_leakage_safer_features,25,1045883,784412,261471,full_source_internal_validation,0.4094858049141294,0.1925860363409173,0.7832439299830605,0.3091559988299043,curve_sample
headline_leakage_safer_features,25,1045883,784412,261471,full_source_internal_validation,0.4103321583175503,0.1932488567738332,0.7814793901750423,0.3098709803811816,curve_sample
headline_leakage_safer_features,25,1045883,784412,261471,full_source_internal_validation,0.4112208764178939,0.1937910332479022,0.7791854884246189,0.3103860319959513,curve_sample
headline_leakage_safer_features,25,1045883,784412,261471,full_source_internal_validation,0.4120871336480537,0.1944861314641854,0.7774915302089215,0.3111415538011778,curve_sample
headline_leakage_safer_features,25,1045883,784412,261471,full_source_internal_validation,0.4130371862944518,0.1951784762919552,0.7757269904009034,0.3118845597207639,curve_sample
headline_leakage_safer_features,25,1045883,784412,261471,full_source_internal_validation,0.4139452421041595,0.19590050462198,0.7740683229813664,0.3126706153199193,curve_sample
headline_leakage_safer_features,25,1045883,784412,261471,full_source_internal_validation,0.4149299234168107,0.1965861108615578,0.7722332015810277,0.3133924351574696,curve_sample
headline_leakage_safer_features,25,1045883,784412,261471,full_source_internal_validation,0.4158769427577983,0.1973268024653424,0.7705745341614907,0.3141952658464638,curve_sample
headline_leakage_safer_features,25,1045883,784412,261471,full_source_internal_validation,0.4168999444853786,0.1981072899337278,0.7690570299265952,0.3150567093402343,curve_sample
headline_leakage_safer_features,25,1045883,784412,261471,full_source_internal_validation,0.4178489649332154,0.1987599224494275,0.7670101637492942,0.3157084338049447,curve_sample
headline_leakage_safer_features,25,1045883,784412,261471,full_source_internal_validation,0.4188395066506611,0.1993762305187038,0.7647868435911914,0.3162957016711668,curve_sample
headline_leakage_safer_features,25,1045883,784412,261471,full_source_internal_validation,0.4198813087559045,0.2002147372708003,0.763375211744777,0.3172282309807516,curve_sample
headline_leakage_safer_features,25,1045883,784412,261471,full_source_internal_validation,0.4208314991270171,0.200988974148849,0.7616812535290797,0.3180518715001474,curve_sample
headline_leakage_safer_features,25,1045883,784412,261471,full_source_internal_validation,0.4217910331105,0.2017408250648827,0.7598814229249012,0.3188343562824376,curve_sample
headline_leakage_safer_features,25,1045883,784412,261471,full_source_internal_validation,0.4227830204920934,0.2025057505939138,0.7580815923207228,0.3196291997738297,curve_sample
headline_leakage_safer_features,25,1045883,784412,261471,full_source_internal_validation,0.4238021293815504,0.2032309779257615,0.7560700169395822,0.3203516930461372,curve_sample
headline_leakage_safer_features,25,1045883,784412,261471,full_source_internal_validation,0.4247659605257897,0.2039670873026479,0.7540937323546019,0.3210867180573712,curve_sample
headline_leakage_safer_features,25,1045883,784412,261471,full_source_internal_validation,0.4257631366230513,0.204583657512799,0.751658667419537,0.3216278455207822,curve_sample
headline_leakage_safer_features,25,1045883,784412,261471,full_source_internal_validation,0.4267247844259063,0.2053549852592914,0.7497529644268774,0.3224044130479319,curve_sample
headline_leakage_safer_features,25,1045883,784412,261471,full_source_internal_validation,0.4277873442509861,0.2060757572809867,0.7476355166572558,0.3230947551434367,curve_sample
headline_leakage_safer_features,25,1045883,784412,261471,full_source_internal_validation,0.4288257243508375,0.2068040530618238,0.7454827780914738,0.3237866049463139,curve_sample
headline_leakage_safer_features,25,1045883,784412,261471,full_source_internal_validation,0.4298463742209722,0.2075849090067099,0.7435064935064936,0.3245549847104223,curve_sample
headline_leakage_safer_features,25,1045883,784412,261471,full_source_internal_validation,0.4309107341562309,0.2083680431591891,0.741494918125353,0.3253181804106153,curve_sample
headline_leakage_safer_features,25,1045883,784412,261471,full_source_internal_validation,0.4319694917528189,0.2091356471915271,0.7393774703557312,0.3260475430883554,curve_sample
headline_leakage_safer_features,25,1045883,784412,261471,full_source_internal_validation,0.4330795615399964,0.209921823187765,0.7372600225861096,0.3267946251192767,curve_sample
headline_leakage_safer_features,25,1045883,784412,261471,full_source_internal_validation,0.4341277928025107,0.2106205431649218,0.734860248447205,0.3274030864537229,curve_sample
headline_leakage_safer_features,25,1045883,784412,261471,full_source_internal_validation,0.4352150419625912,0.2114282223330923,0.732813382269904,0.3281732767544588,curve_sample
headline_leakage_safer_features,25,1045883,784412,261471,full_source_internal_validation,0.4363132319618827,0.2122100472534568,0.7306253529079616,0.3288931252234004,curve_sample
headline_leakage_safer_features,25,1045883,784412,261471,full_source_internal_validation,0.437474080863919,0.2130002270241264,0.7284373235460192,0.3296178598233819,curve_sample
headline_leakage_safer_features,25,1045883,784412,261471,full_source_internal_validation,0.438535399520044,0.2137996238921962,0.7262140033879164,0.3303447445519123,curve_sample
headline_leakage_safer_features,25,1045883,784412,261471,full_source_internal_validation,0.4396299738296438,0.2146241958261415,0.7240612648221344,0.331103597969838,curve_sample
headline_leakage_safer_features,25,1045883,784412,261471,full_source_internal_validation,0.4407316305983191,0.2155383983399867,0.7221555618294748,0.3319894544717095,curve_sample
headline_leakage_safer_features,25,1045883,784412,261471,full_source_internal_validation,0.4418386122257762,0.2164206015866955,0.720108695652174,0.3328168324906214,curve_sample
headline_leakage_safer_features,25,1045883,784412,261471,full_source_internal_validation,0.4429888439962213,0.2172961080018798,0.7179912478825522,0.3336230363057951,curve_sample
headline_leakage_safer_features,25,1045883,784412,261471,full_source_internal_validation,0.4441016359757059,0.2180464876144174,0.7154150197628458,0.3342263842976909,curve_sample
headline_leakage_safer_features,25,1045883,784412,261471,full_source_internal_validation,0.4452009712164402,0.2188870955511986,0.7131211180124224,0.3349605894590271,curve_sample
headline_leakage_safer_features,25,1045883,784412,261471,full_source_internal_validation,0.4462724531561254,0.2198136673066852,0.7110742518351214,0.3358166666666666,curve_sample
headline_leakage_safer_features,25,1045883,784412,261471,full_source_internal_validation,0.4474137747898329,0.2206924589875726,0.7088156408808582,0.3365872051615066,curve_sample
headline_leakage_safer_features,25,1045883,784412,261471,full_source_internal_validation,0.4486035393237713,0.2215839918542621,0.7065570299265952,0.3373662482096217,curve_sample
headline_leakage_safer_features,25,1045883,784412,261471,full_source_internal_validation,0.4496992922214959,0.2225479922409756,0.7045101637492942,0.3382470052017147,curve_sample
headline_leakage_safer_features,25,1045883,784412,261471,full_source_internal_validation,0.4508294724090328,0.2233651891697642,0.7019339356295878,0.3388906400415733,curve_sample
headline_leakage_safer_features,25,1045883,784412,261471,full_source_internal_validation,0.4519362473660824,0.2243452683975338,0.6998517786561265,0.3397726396587024,curve_sample
headline_leakage_safer_features,25,1045883,784412,261471,full_source_internal_validation,0.4530783656755559,0.2253450496347203,0.6977696216826652,0.3406704170507508,curve_sample
headline_leakage_safer_features,25,1045883,784412,261471,full_source_internal_validation,0.4542895297971181,0.2261990882680538,0.6951933935629587,0.3413357822964227,curve_sample
headline_leakage_safer_features,25,1045883,784412,261471,full_source_internal_validation,0.4554680878732925,0.2271728063680118,0.6929347826086957,0.3421685487243831,curve_sample
headline_leakage_safer_features,25,1045883,784412,261471,full_source_internal_validation,0.4565679299239291,0.2281264208354221,0.6905702992659515,0.3429582957244135,curve_sample
headline_leakage_safer_features,25,1045883,784412,261471,full_source_internal_validation,0.4577005814411559,0.2290920197831373,0.6882058159232072,0.3437541314483646,curve_sample
headline_leakage_safer_features,25,1045883,784412,261471,full_source_internal_validation,0.4588495264981471,0.2300908003930342,0.6859119141727837,0.3445885450370987,curve_sample
headline_leakage_safer_features,25,1045883,784412,261471,full_source_internal_validation,0.4600043706255791,0.2311638728151285,0.6837591756070017,0.3455163128282406,curve_sample
headline_leakage_safer_features,25,1045883,784412,261471,full_source_internal_validation,0.461202791419829,0.2322094225728097,0.6815005646527386,0.3463918635311844,curve_sample
headline_leakage_safer_features,25,1045883,784412,261471,full_source_internal_validation,0.4624099831094308,0.2332286957470275,0.679100790513834,0.3472118221267919,curve_sample
headline_leakage_safer_features,25,1045883,784412,261471,full_source_internal_validation,0.4635935129849995,0.2341090953515362,0.6762775268210051,0.3478142498026155,curve_sample
headline_leakage_safer_features,25,1045883,784412,261471,full_source_internal_validation,0.4647433148312636,0.235178936479397,0.6739483342744212,0.3486826489437455,curve_sample
headline_leakage_safer_features,25,1045883,784412,261471,full_source_internal_validation,0.4659218426274265,0.236290953332754,0.6716897233201581,0.349598199935712,curve_sample
headline_leakage_safer_features,25,1045883,784412,261471,full_source_internal_validation,0.4671118883729336,0.2373681114434835,0.6692899491812535,0.3504476453577005,curve_sample
headline_leakage_safer_features,25,1045883,784412,261471,full_source_internal_validation,0.4683104980220974,0.2383993134867051,0.6666784302653868,0.3512089015309964,curve_sample
headline_leakage_safer_features,25,1045883,784412,261471,full_source_internal_validation,0.4696014486570763,0.2396961329481975,0.6647727272727273,0.35234701607699,curve_sample
headline_leakage_safer_features,25,1045883,784412,261471,full_source_internal_validation,0.4709177955854244,0.2408828435775696,0.6624788255223037,0.3533020909792408,curve_sample
headline_leakage_safer_features,25,1045883,784412,261471,full_source_internal_validation,0.4721755478414309,0.241889356195406,0.6596555618294748,0.3539782787777788,curve_sample
headline_leakage_safer_features,25,1045883,784412,261471,full_source_internal_validation,0.4733512346240773,0.2428770931492188,0.6567264257481649,0.3546091181935115,curve_sample
headline_leakage_safer_features,25,1045883,784412,261471,full_source_internal_validation,0.4745728910986158,0.2439839924174609,0.6540796160361377,0.3553978906999041,curve_sample
headline_leakage_safer_features,25,1045883,784412,261471,full_source_internal_validation,0.4758297954576846,0.2450833278002788,0.6513269339356296,0.3561524879150143,curve_sample
headline_leakage_safer_features,25,1045883,784412,261471,full_source_internal_validation,0.477059867090344,0.2463463315963617,0.6489977413890458,0.3571324536106499,curve_sample
headline_leakage_safer_features,25,1045883,784412,261471,full_source_internal_validation,0.4782622782502709,0.2474998648575598,0.6463156408808582,0.3579330023843959,curve_sample
headline_leakage_safer_features,25,1045883,784412,261471,full_source_internal_validation,0.4795482207656488,0.2486672211390316,0.6436335403726708,0.3587368089772716,curve_sample
headline_leakage_safer_features,25,1045883,784412,261471,full_source_internal_validation,0.480875348250637,0.2500619067271977,0.6414808018068887,0.3598479599311068,curve_sample
headline_leakage_safer_features,25,1045883,784412,261471,full_source_internal_validation,0.4821209386457693,0.2514403920643074,0.6391516092603049,0.3609027051262891,curve_sample
headline_leakage_safer_features,25,1045883,784412,261471,full_source_internal_validation,0.4833896438909197,0.2528476357267951,0.6368929983060417,0.3619861399444394,curve_sample
headline_leakage_safer_features,25,1045883,784412,261471,full_source_internal_validation,0.4847735767391895,0.2541184123078663,0.6342108977978543,0.3628489223158851,curve_sample
headline_leakage_safer_features,25,1045883,784412,261471,full_source_internal_validation,0.4860476336494883,0.2554093400319707,0.6315287972896668,0.3637195121951219,curve_sample
headline_leakage_safer_features,25,1045883,784412,261471,full_source_internal_validation,0.4873748029696344,0.2566743988358523,0.6287055335968379,0.3645273830351023,curve_sample
headline_leakage_safer_features,25,1045883,784412,261471,full_source_internal_validation,0.4887272272998159,0.2580692082793931,0.6261293054771315,0.3654941546067878,curve_sample
headline_leakage_safer_features,25,1045883,784412,261471,full_source_internal_validation,0.4900923340606857,0.2592777524855712,0.6230590062111802,0.3661761503282207,curve_sample
headline_leakage_safer_features,25,1045883,784412,261471,full_source_internal_validation,0.4914147716945057,0.2605091858068534,0.620023997741389,0.366873048853065,curve_sample
headline_leakage_safer_features,25,1045883,784412,261471,full_source_internal_validation,0.4927342417377236,0.2620309645734135,0.6175889328063241,0.3679485292571645,curve_sample
headline_leakage_safer_features,25,1045883,784412,261471,full_source_internal_validation,0.4941466689103707,0.2635446751243706,0.6150832862789385,0.3689887688024643,curve_sample
headline_leakage_safer_features,25,1045883,784412,261471,full_source_internal_validation,0.4954758118792021,0.2651689854762595,0.6127540937323546,0.3701540265415978,curve_sample
headline_leakage_safer_features,25,1045883,784412,261471,full_source_internal_validation,0.4969684437847987,0.2663437509641193,0.6093308865047995,0.3706661514351345,curve_sample
headline_leakage_safer_features,25,1045883,784412,261471,full_source_internal_validation,0.4984101916693266,0.2675746855958484,0.6059429700734048,0.3712231771255608,curve_sample
headline_leakage_safer_features,25,1045883,784412,261471,full_source_internal_validation,0.4997971028018944,0.2688256687186107,0.6025903444381705,0.3717897074673663,curve_sample
headline_leakage_safer_features,25,1045883,784412,261471,full_source_internal_validation,0.5011658001697027,0.2703179930960979,0.5996964991530209,0.3726575949297689,curve_sample
headline_leakage_safer_features,25,1045883,784412,261471,full_source_internal_validation,0.5026477918459273,0.2719585905349794,0.5970496894409938,0.3736967662131119,curve_sample
headline_leakage_safer_features,25,1045883,784412,261471,full_source_internal_validation,0.5041072022407088,0.2735041346481893,0.5941205533596838,0.3745730845820956,curve_sample
headline_leakage_safer_features,25,1045883,784412,261471,full_source_internal_validation,0.5056488899075265,0.2750619878815744,0.5911561264822134,0.3754356474477503,curve_sample
headline_leakage_safer_features,25,1045883,784412,261471,full_source_internal_validation,0.5071338046135636,0.2767606685810082,0.5884387351778656,0.3764604946773083,curve_sample
headline_leakage_safer_features,25,1045883,784412,261471,full_source_internal_validation,0.508602760709383,0.2786904502206635,0.5861095426312818,0.3777593285491704,curve_sample
headline_leakage_safer_features,25,1045883,784412,261471,full_source_internal_validation,0.5101507841552438,0.2802436458651464,0.5828980801806889,0.3785090634094919,curve_sample
headline_leakage_safer_features,25,1045883,784412,261471,full_source_internal_validation,0.5115808666902983,0.2821062745569034,0.5802512704686618,0.3796395709948164,curve_sample
headline_leakage_safer_features,25,1045883,784412,261471,full_source_internal_validation,0.5131066452692521,0.2836667765612257,0.5769339356295878,0.3803319878558052,curve_sample
headline_leakage_safer_features,25,1045883,784412,261471,full_source_internal_validation,0.5146504085234513,0.2851727042965459,0.5734048560135516,0.3809077269317328,curve_sample
headline_leakage_safer_features,25,1045883,784412,261471,full_source_internal_validation,0.5162498455682984,0.2869647042113486,0.5704051383399209,0.3818332152137964,curve_sample
headline_leakage_safer_features,25,1045883,784412,261471,full_source_internal_validation,0.5178357121274704,0.2887551643614154,0.5672995482778092,0.382710758755327,curve_sample
headline_leakage_safer_features,25,1045883,784412,261471,full_source_internal_validation,0.5194451971354094,0.2903595187029699,0.563770468661773,0.3833049403747871,curve_sample
headline_leakage_safer_features,25,1045883,784412,261471,full_source_internal_validation,0.5210607605031956,0.2920682804797292,0.560347261434218,0.3839903264812575,curve_sample
headline_leakage_safer_features,25,1045883,784412,261471,full_source_internal_validation,0.5227309052740363,0.2940125111706881,0.5573122529644269,0.3849453978159126,curve_sample
headline_leakage_safer_features,25,1045883,784412,261471,full_source_internal_validation,0.5243140937706856,0.295663154720395,0.553606719367589,0.3854631233644171,curve_sample
headline_leakage_safer_features,25,1045883,784412,261471,full_source_internal_validation,0.525942253638868,0.2977119630555502,0.5505717108977979,0.3864551208214122,curve_sample
headline_leakage_safer_features,25,1045883,784412,261471,full_source_internal_validation,0.5275460784665391,0.2995613441805638,0.547077922077922,0.3871386651682587,curve_sample
headline_leakage_safer_features,25,1045883,784412,261471,full_source_internal_validation,0.529221938275557,0.3016087364960075,0.5438664596273292,0.38803001309296,curve_sample
headline_leakage_safer_features,25,1045883,784412,261471,full_source_internal_validation,0.5309602452742984,0.3037229402902228,0.5406902879728966,0.3889565879664889,curve_sample
headline_leakage_safer_features,25,1045883,784412,261471,full_source_internal_validation,0.5327168260627421,0.3058970032939664,0.5374788255223037,0.38989299063028,curve_sample
headline_leakage_safer_features,25,1045883,784412,261471,full_source_internal_validation,0.5344610552652068,0.3078050269665208,0.5337380011293055,0.3904428753985361,curve_sample
headline_leakage_safer_features,25,1045883,784412,261471,full_source_internal_validation,0.5363053549932323,0.3101008642561003,0.530561829474873,0.3914237733834958,curve_sample
headline_leakage_safer_features,25,1045883,784412,261471,full_source_internal_validation,0.5380157832759102,0.3123418846306634,0.5272092038396387,0.3922799185977811,curve_sample
headline_leakage_safer_features,25,1045883,784412,261471,full_source_internal_validation,0.5398614656494433,0.3147641759406465,0.5240330321852061,0.3932936923097297,curve_sample
headline_leakage_safer_features,25,1045883,784412,261471,full_source_internal_validation,0.5416950003065101,0.3170396165172717,0.5205039525691699,0.3940580039274883,curve_sample
headline_leakage_safer_features,25,1045883,784412,261471,full_source_internal_validation,0.5435500874196613,0.3191837268624501,0.5166572557876906,0.394593210517095,curve_sample
headline_leakage_safer_features,25,1045883,784412,261471,full_source_internal_validation,0.5454550857507294,0.3215296823852074,0.5130223037831734,0.3953064665252624,curve_sample
headline_leakage_safer_features,25,1045883,784412,261471,full_source_internal_validation,0.5475035211799179,0.3239228007181328,0.5093873517786561,0.3960162423178226,curve_sample
headline_leakage_safer_features,25,1045883,784412,261471,full_source_internal_validation,0.5493519120265284,0.3263256195335277,0.5056112365894975,0.3966500553709856,curve_sample
headline_leakage_safer_features,25,1045883,784412,261471,full_source_internal_validation,0.5514150254782868,0.3289248554913295,0.502046866177301,0.3974520157572709,curve_sample
headline_leakage_safer_features,25,1045883,784412,261471,full_source_internal_validation,0.5534532665378711,0.3315100009390553,0.498341332580463,0.398155980375571,curve_sample
headline_leakage_safer_features,25,1045883,784412,261471,full_source_internal_validation,0.5554988738195015,0.3339293803495219,0.4942828910220214,0.3985827914455243,curve_sample
headline_leakage_safer_features,25,1045883,784412,261471,full_source_internal_validation,0.5576179811780151,0.3364576521591707,0.4902597402597403,0.3990520646319569,curve_sample
headline_leakage_safer_features,25,1045883,784412,261471,full_source_internal_validation,0.5596185850597657,0.338862092725662,0.4859542631281762,0.3992924665081482,curve_sample
headline_leakage_safer_features,25,1045883,784412,261471,full_source_internal_validation,0.5617646708096324,0.3417537892051423,0.4822134387351778,0.4000117099446705,curve_sample
headline_leakage_safer_features,25,1045883,784412,261471,full_source_internal_validation,0.5639075102022872,0.3442918891431477,0.4778726708074534,0.4002305441432921,curve_sample
headline_leakage_safer_features,25,1045883,784412,261471,full_source_internal_validation,0.5657951426473898,0.347563025210084,0.4743788819875776,0.4011878646789333,curve_sample
headline_leakage_safer_features,25,1045883,784412,261471,full_source_internal_validation,0.5677749155045259,0.3509021093051391,0.4708498023715415,0.4021218240453298,curve_sample
headline_leakage_safer_features,25,1045883,784412,261471,full_source_internal_validation,0.5697665296230869,0.3542335688289446,0.4671442687747035,0.4029282844271277,curve_sample
headline_leakage_safer_features,25,1045883,784412,261471,full_source_internal_validation,0.571786859439015,0.3572926596758818,0.4629446640316205,0.403314322608415,curve_sample
headline_leakage_safer_features,25,1045883,784412,261471,full_source_internal_validation,0.5740471018953393,0.3604925261377187,0.4587450592885375,0.4037269974376892,curve_sample
headline_leakage_safer_features,25,1045883,784412,261471,full_source_internal_validation,0.5762631954014573,0.3639598926705267,0.4547571993224167,0.4043237476663372,curve_sample
headline_leakage_safer_features,25,1045883,784412,261471,full_source_internal_validation,0.5785733882992234,0.3671625471182344,0.4503105590062112,0.4045079173865491,curve_sample
headline_leakage_safer_features,25,1045883,784412,261471,full_source_internal_validation,0.5809711336583729,0.3701466275659824,0.4454404291360813,0.4043180216541738,curve_sample
headline_leakage_safer_features,25,1045883,784412,261471,full_source_internal_validation,0.5834232454664882,0.3735163093849971,0.4408879164313947,0.4044154540893125,curve_sample
headline_leakage_safer_features,25,1045883,784412,261471,full_source_internal_validation,0.5858041222037496,0.3766352575244717,0.4358766233766233,0.4040962554597654,curve_sample
headline_leakage_safer_features,25,1045883,784412,261471,full_source_internal_validation,0.5882909735919654,0.3800871188550093,0.4311123658949746,0.4039949732125141,curve_sample
headline_leakage_safer_features,25,1045883,784412,261471,full_source_internal_validation,0.5908785632106651,0.3838970938542163,0.426559853190288,0.4041055816519283,curve_sample
headline_leakage_safer_features,25,1045883,784412,261471,full_source_internal_validation,0.5934821410849049,0.3876816294758692,0.4218308865047995,0.4040359653866954,curve_sample
headline_leakage_safer_features,25,1045883,784412,261471,full_source_internal_validation,0.5962414144189528,0.3912510356255178,0.4166431394692264,0.4035480507938678,curve_sample
headline_leakage_safer_features,25,1045883,784412,261471,full_source_internal_validation,0.5991670655656394,0.3953724719672075,0.4118788819875776,0.4034569181574626,curve_sample
headline_leakage_safer_features,25,1045883,784412,261471,full_source_internal_validation,0.6021094509506624,0.399674357375459,0.4071499153020892,0.403377504283067,curve_sample
headline_leakage_safer_features,25,1045883,784412,261471,full_source_internal_validation,0.6050191788661751,0.4042749282194888,0.4024915302089215,0.4033812580685093,curve_sample
headline_leakage_safer_features,25,1045883,784412,261471,full_source_internal_validation,0.6079603189418358,0.4081143852518508,0.396880293619424,0.4024189508337508,curve_sample
headline_leakage_safer_features,25,1045883,784412,261471,full_source_internal_validation,0.6107639463915719,0.4117472118959108,0.3908808582721626,0.4010427981751031,curve_sample
headline_leakage_safer_features,25,1045883,784412,261471,full_source_internal_validation,0.6138522548722107,0.4162158043130382,0.3855166572557877,0.4002784800850096,curve_sample
headline_leakage_safer_features,25,1045883,784412,261471,full_source_internal_validation,0.6169420298941081,0.4212479974993162,0.380470073404856,0.3998219881696305,curve_sample
headline_leakage_safer_features,25,1045883,784412,261471,full_source_internal_validation,0.6203107520814435,0.4267040898155573,0.3755646527385657,0.39950446730235,curve_sample
headline_leakage_safer_features,25,1045883,784412,261471,full_source_internal_validation,0.6236943299969252,0.4309301272285585,0.3693534726143422,0.3977728369724265,curve_sample
headline_leakage_safer_features,25,1045883,784412,261471,full_source_internal_validation,0.6271832165892022,0.4365321147499365,0.3640951439864483,0.3970367519722917,curve_sample
headline_leakage_safer_features,25,1045883,784412,261471,full_source_internal_validation,0.6305889700586794,0.4418189730200174,0.358307453416149,0.3957050432613609,curve_sample
headline_leakage_safer_features,25,1045883,784412,261471,full_source_internal_validation,0.6341015491099905,0.4470171981368685,0.3522374364765669,0.3940075793462814,curve_sample
headline_leakage_safer_features,25,1045883,784412,261471,full_source_internal_validation,0.6381272098860319,0.4522381172127365,0.3458498023715415,0.3919529656441227,curve_sample
headline_leakage_safer_features,25,1045883,784412,261471,full_source_internal_validation,0.6420253514580553,0.4579150211733359,0.3396386222473179,0.3900066865236155,curve_sample
headline_leakage_safer_features,25,1045883,784412,261471,full_source_internal_validation,0.6461597014731495,0.464148904822709,0.3335333145115753,0.3881473571809931,curve_sample
headline_leakage_safer_features,25,1045883,784412,261471,full_source_internal_validation,0.6506597672162423,0.4700091342738252,0.3268633540372671,0.3855792847924733,curve_sample
headline_leakage_safer_features,25,1045883,784412,261471,full_source_internal_validation,0.6547437701257285,0.4771581600504095,0.3206874647092038,0.3835795694385817,curve_sample
headline_leakage_safer_features,25,1045883,784412,261471,full_source_internal_validation,0.6593718470166414,0.4841183509191776,0.3141233766233766,0.3810196481315012,curve_sample
headline_leakage_safer_features,25,1045883,784412,261471,full_source_internal_validation,0.6638113465468483,0.4898753454791584,0.3065005646527385,0.3770758710517746,curve_sample
headline_leakage_safer_features,25,1045883,784412,261471,full_source_internal_validation,0.6685375389140605,0.4948459646245753,0.2981719367588933,0.3721206782646994,curve_sample
headline_leakage_safer_features,25,1045883,784412,261471,full_source_internal_validation,0.6734980611851732,0.5008830156506912,0.2902667984189723,0.367540273029917,curve_sample
headline_leakage_safer_features,25,1045883,784412,261471,full_source_internal_validation,0.6790363136771914,0.5078650260053279,0.2825734048560135,0.3631127840007255,curve_sample
headline_leakage_safer_features,25,1045883,784412,261471,full_source_internal_validation,0.6847854201650515,0.5155505558496559,0.2749505928853755,0.3586356103848278,curve_sample
headline_leakage_safer_features,25,1045883,784412,261471,full_source_internal_validation,0.6904774885420639,0.5240334739608549,0.2673983625070582,0.3541067881761888,curve_sample
headline_leakage_safer_features,25,1045883,784412,261471,full_source_internal_validation,0.6966691136150587,0.5317977690859047,0.2591050254093732,0.3484409852403778,curve_sample
headline_leakage_safer_features,25,1045883,784412,261471,full_source_internal_validation,0.7031140441460347,0.539812913529546,0.250494071146245,0.3421959744485959,curve_sample
headline_leakage_safer_features,25,1045883,784412,261471,full_source_internal_validation,0.709929092808127,0.548095390524968,0.241706662902315,0.3354721786833855,curve_sample
headline_leakage_safer_features,25,1045883,784412,261471,full_source_internal_validation,0.7161385478933466,0.5569727172903117,0.2327075098814229,0.3282638456751711,curve_sample
headline_leakage_safer_features,25,1045883,784412,261471,full_source_internal_validation,0.7229101835345295,0.567379057497988,0.2239201016374929,0.3211113641539512,curve_sample
headline_leakage_safer_features,25,1045883,784412,261471,full_source_internal_validation,0.7305722125460399,0.575812274368231,0.2138975155279503,0.3119242447635222,curve_sample
headline_leakage_safer_features,25,1045883,784412,261471,full_source_internal_validation,0.7383247658579177,0.5860182370820669,0.2041219649915302,0.3027796681149557,curve_sample
headline_leakage_safer_features,25,1045883,784412,261471,full_source_internal_validation,0.7462865232043545,0.5949202214262456,0.1934288537549407,0.2919385336493648,curve_sample
headline_leakage_safer_features,25,1045883,784412,261471,full_source_internal_validation,0.7552299268904428,0.6082028511334424,0.1836885940146809,0.2821597007643519,curve_sample
headline_leakage_safer_features,25,1045883,784412,261471,full_source_internal_validation,0.7636641674022556,0.6202707832468682,0.1729954827780914,0.2705372664808632,curve_sample
headline_leakage_safer_features,25,1045883,784412,261471,full_source_internal_validation,0.7738865763428567,0.6365894039735099,0.1628317334839074,0.259330035971223,curve_sample
headline_leakage_safer_features,25,1045883,784412,261471,full_source_internal_validation,0.7841635102786999,0.6506828528072838,0.1513269339356296,0.2455477294851973,curve_sample
headline_leakage_safer_features,25,1045883,784412,261471,full_source_internal_validation,0.7949852109221327,0.6681833501853724,0.1399280067758328,0.2313977239568135,curve_sample
headline_leakage_safer_features,25,1045883,784412,261471,full_source_internal_validation,0.8063885471353124,0.6873815839333081,0.128035008469791,0.2158624382697685,curve_sample
headline_leakage_safer_features,25,1045883,784412,261471,full_source_internal_validation,0.8193339207188943,0.704442036836403,0.1147303783173348,0.1973232982307062,curve_sample
headline_leakage_safer_features,25,1045883,784412,261471,full_source_internal_validation,0.8341965174107429,0.7250694269123958,0.1013551665725578,0.177849335851627,curve_sample
headline_leakage_safer_features,25,1045883,784412,261471,full_source_internal_validation,0.8509510481813298,0.7441719648804117,0.0867447769621682,0.1553778564429975,curve_sample
headline_leakage_safer_features,25,1045883,784412,261471,full_source_internal_validation,0.8719983727973568,0.7665531592886871,0.0714991530208921,0.1307982827076406,curve_sample
headline_leakage_safer_features,25,1045883,784412,261471,full_source_internal_validation,0.8937968948433584,0.7956718671363865,0.0557947487295313,0.1042772812716419,curve_sample
headline_leakage_safer_features,25,1045883,784412,261471,full_source_internal_validation,0.9177636038271592,0.8325825825825826,0.0391374929418407,0.0747606849130376,curve_sample
headline_leakage_safer_features,25,1045883,784412,261471,full_source_internal_validation,0.9490205675295592,0.8731117824773413,0.0203980801806888,0.0398648182633285,curve_sample
headline_leakage_safer_features,25,1045883,784412,261471,full_source_internal_validation,0.9926890891786672,1.0,3.5290796160361375e-05,7.057910152803755e-05,curve_sample
