feature_policy,feature_count,source_rows,training_rows,validation_rows,training_scope,threshold,precision_not_merged,recall_not_merged,f1_not_merged
headline_leakage_safer_features,25,1045883,784412,261471,full_source_internal_validation,0.037119201962477866,0.10837148287955452,1.0,0.1955508321055047
headline_leakage_safer_features,25,1045883,784412,261471,full_source_internal_validation,0.10474869120288122,0.10864046994585806,0.999894127611519,0.19598660819279773
headline_leakage_safer_features,25,1045883,784412,261471,full_source_internal_validation,0.11980816196662403,0.10891176651494648,0.9998235460191982,0.19642659049309447
headline_leakage_safer_features,25,1045883,784412,261471,full_source_internal_validation,0.12912355426872302,0.10917254403206536,0.9996823828345568,0.19684787669471798
headline_leakage_safer_features,25,1045883,784412,261471,full_source_internal_validation,0.13670844061182252,0.10943247503941146,0.9995059288537549,0.19726687654974506
headline_leakage_safer_features,25,1045883,784412,261471,full_source_internal_validation,0.14270834226191642,0.10968859069762037,0.9992941840767928,0.19767876154074385
headline_leakage_safer_features,25,1045883,784412,261471,full_source_internal_validation,0.14825014139576465,0.10994687131050768,0.9990824392998306,0.19809393193013883
headline_leakage_safer_features,25,1045883,784412,261471,full_source_internal_validation,0.15297550621476097,0.11021341047934619,0.9989412761151891,0.1985236617396946
headline_leakage_safer_features,25,1045883,784412,261471,full_source_internal_validation,0.15715793708115144,0.11046831633310301,0.9986942405420667,0.19893219546657573
headline_leakage_safer_features,25,1045883,784412,261471,full_source_internal_validation,0.1609467610465949,0.11072626441707467,0.9984472049689441,0.19934542661767352
headline_leakage_safer_features,25,1045883,784412,261471,full_source_internal_validation,0.16458864442000787,0.1109846775617508,0.9982001693958216,0.1997591731375644
headline_leakage_safer_features,25,1045883,784412,261471,full_source_internal_validation,0.1677785632250689,0.11122475875010326,0.9977766798418972,0.2001394527364945
headline_leakage_safer_features,25,1045883,784412,261471,full_source_internal_validation,0.1710365133850441,0.11146740502334974,0.9973531902879729,0.20052364193676564
headline_leakage_safer_features,25,1045883,784412,261471,full_source_internal_validation,0.1739966197113484,0.11174207223274557,0.9972120271033315,0.2009651047426684
headline_leakage_safer_features,25,1045883,784412,261471,full_source_internal_validation,0.17674308287119467,0.11201332170327492,0.9970355731225297,0.20140007698997703
headline_leakage_safer_features,25,1045883,784412,261471,full_source_internal_validation,0.1795617717736342,0.11226919484029972,0.9967179559570863,0.20180706749886568
headline_leakage_safer_features,25,1045883,784412,261471,full_source_internal_validation,0.1824587968130411,0.11251489583873038,0.9962944664031621,0.20219520492757256
headline_leakage_safer_features,25,1045883,784412,261471,full_source_internal_validation,0.1850026440144943,0.11275788901631549,0.9958356860530774,0.20257799123439904
headline_leakage_safer_features,25,1045883,784412,261471,full_source_internal_validation,0.18733295930744842,0.1130044232186929,0.9953769057029926,0.20296623585964713
headline_leakage_safer_features,25,1045883,784412,261471,full_source_internal_validation,0.18958961485092818,0.11327856669411694,0.9951651609260305,0.20340389005702006
headline_leakage_safer_features,25,1045883,784412,261471,full_source_internal_validation,0.19185404815466467,0.11351479804733441,0.9946005081874647,0.2037727936604341
headline_leakage_safer_features,25,1045883,784412,261471,full_source_internal_validation,0.1940098591907008,0.11377422038429542,0.9942476002258611,0.2041832452764551
headline_leakage_safer_features,25,1045883,784412,261471,full_source_internal_validation,0.19600991633487097,0.11404854938958962,0.9940005646527386,0.20461967083301552
headline_leakage_safer_features,25,1045883,784412,261471,full_source_internal_validation,0.19813403817660424,0.11430137431233633,0.9935417843026538,0.20501673093238082
headline_leakage_safer_features,25,1045883,784412,261471,full_source_internal_validation,0.2001739273455886,0.11457311388921682,0.993259457933371,0.20544770372316934
headline_leakage_safer_features,25,1045883,784412,261471,full_source_internal_validation,0.20199814303306085,0.11484630424046009,0.9929771315640881,0.20588073887894986
headline_leakage_safer_features,25,1045883,784412,261471,full_source_internal_validation,0.2039198450009987,0.11510143610773468,0.9925183512140033,0.20628069107405467
headline_leakage_safer_features,25,1045883,784412,261471,full_source_internal_validation,0.2057278328623965,0.11534563062970639,0.9919536984754376,0.20666051518081324
headline_leakage_safer_features,25,1045883,784412,261471,full_source_internal_validation,0.20747737456911275,0.11560586608730002,0.991494918125353,0.20706810141509435
headline_leakage_safer_features,25,1045883,784412,261471,full_source_internal_validation,0.20912699287385828,0.11584719293974939,0.9908949745906268,0.20744199448111797
headline_leakage_safer_features,25,1045883,784412,261471,full_source_internal_validation,0.21071954431823658,0.11610367581656082,0.9904009034443817,0.20784222239502909
headline_leakage_safer_features,25,1045883,784412,261471,full_source_internal_validation,0.21243154796864705,0.11635740627813108,0.9898715415019763,0.20823697544497854
headline_leakage_safer_features,25,1045883,784412,261471,full_source_internal_validation,0.21404777468711367,0.1166514143094842,0.9896597967250141,0.20870296499166469
headline_leakage_safer_features,25,1045883,784412,261471,full_source_internal_validation,0.21570730049182352,0.11691442681482223,0.9892010163749294,0.20911356142104714
headline_leakage_safer_features,25,1045883,784412,261471,full_source_internal_validation,0.21731634912165065,0.1171641041942014,0.9886010728402033,0.20949937927217796
headline_leakage_safer_features,25,1045883,784412,261471,full_source_internal_validation,0.21880331013067278,0.11741934942709993,0.9880364201016375,0.20989459163630364
headline_leakage_safer_features,25,1045883,784412,261471,full_source_internal_validation,0.22024124332068573,0.11765076961897553,0.9872600225861096,0.21024665935156098
headline_leakage_safer_features,25,1045883,784412,261471,full_source_internal_validation,0.22182703452692942,0.11794672829405711,0.987012987012987,0.210713478490168
headline_leakage_safer_features,25,1045883,784412,261471,full_source_internal_validation,0.22332960614793584,0.11819731127547374,0.9863777526821005,0.21109873302996546
headline_leakage_safer_features,25,1045883,784412,261471,full_source_internal_validation,0.22489420081139833,0.11845252230552634,0.9857778091473743,0.21149186831824102
headline_leakage_safer_features,25,1045883,784412,261471,full_source_internal_validation,0.22630694677304297,0.11874468447014798,0.9854601919819311,0.21195008652882777
headline_leakage_safer_features,25,1045883,784412,261471,full_source_internal_validation,0.22767512435061255,0.11900335172660828,0.984860248447205,0.21234810266243598
headline_leakage_safer_features,25,1045883,784412,261471,full_source_internal_validation,0.2291287231236261,0.11929920589782296,0.9845426312817617,0.21281156435341458
headline_leakage_safer_features,25,1045883,784412,261471,full_source_internal_validation,0.230522379061459,0.11953137730816402,0.9836956521739131,0.2131610140328069
headline_leakage_safer_features,25,1045883,784412,261471,full_source_internal_validation,0.23194323449460952,0.11976537168118759,0.9828486730660644,0.21351303694503862
headline_leakage_safer_features,25,1045883,784412,261471,full_source_internal_validation,0.23339118913059498,0.12002984250746063,0.9822487295313382,0.2139189916224733
headline_leakage_safer_features,25,1045883,784412,261471,full_source_internal_validation,0.2348244667852213,0.12031138501459618,0.9817546583850931,0.21435423657637317
headline_leakage_safer_features,25,1045883,784412,261471,full_source_internal_validation,0.23619211003943352,0.12059244481068655,0.9812605872388481,0.21478837879384793
headline_leakage_safer_features,25,1045883,784412,261471,full_source_internal_validation,0.23752198910663247,0.12086640715046865,0.9806959345002824,0.2152092344269722
headline_leakage_safer_features,25,1045883,784412,261471,full_source_internal_validation,0.23891322233370127,0.12113268283746473,0.9800607001693958,0.21561586509159658
headline_leakage_safer_features,25,1045883,784412,261471,full_source_internal_validation,0.24028480170003041,0.12139120240761478,0.9793548842461886,0.21600815741951554
headline_leakage_safer_features,25,1045883,784412,261471,full_source_internal_validation,0.2415156697506371,0.12167035165297957,0.9787902315076228,0.216436196778624
headline_leakage_safer_features,25,1045883,784412,261471,full_source_internal_validation,0.24275133184631037,0.12195540459681109,0.978225578769057,0.21687322004193657
headline_leakage_safer_features,25,1045883,784412,261471,full_source_internal_validation,0.24405218279805707,0.12219035432202267,0.9772727272727273,0.21722111967870228
headline_leakage_safer_features,25,1045883,784412,261471,full_source_internal_validation,0.24534881252906282,0.12245105674938932,0.9765316205533597,0.21761458366101483
headline_leakage_safer_features,25,1045883,784412,261471,full_source_internal_validation,0.2466669900101125,0.1226832948695189,0.9755434782608695,0.21795660264294947
headline_leakage_safer_features,25,1045883,784412,261471,full_source_internal_validation,0.2479802062472235,0.12297975189506061,0.9750494071146245,0.21841193048193866
headline_leakage_safer_features,25,1045883,784412,261471,full_source_internal_validation,0.24923105345120689,0.12326290461543955,0.9744494635798984,0.21884325031207272
headline_leakage_safer_features,25,1045883,784412,261471,full_source_internal_validation,0.25046340160591796,0.1235477155201361,0.9738495200451722,0.21927681164602628
headline_leakage_safer_features,25,1045883,784412,261471,full_source_internal_validation,0.25162565841329765,0.1238431798689723,0.9733201581027668,0.2197285659086111
headline_leakage_safer_features,25,1045883,784412,261471,full_source_internal_validation,0.25283214681720767,0.12410885983598068,0.9725437605872389,0.22012676579480236
headline_leakage_safer_features,25,1045883,784412,261471,full_source_internal_validation,0.253960694989112,0.12438118811881188,0.9718026538678712,0.22053594310609942
headline_leakage_safer_features,25,1045883,784412,261471,full_source_internal_validation,0.2551815836607335,0.1246692881994781,0.9711674195369847,0.22097224898824436
headline_leakage_safer_features,25,1045883,784412,261471,full_source_internal_validation,0.25632600143030004,0.12494490664800686,0.9704263128176172,0.22138581498045623
headline_leakage_safer_features,25,1045883,784412,261471,full_source_internal_validation,0.2575628417940091,0.12522729862139684,0.96972049689441,0.22181053515282873
headline_leakage_safer_features,25,1045883,784412,261471,full_source_internal_validation,0.2588317734406881,0.12553423931178548,0.9691911349520045,0.22227797899678273
headline_leakage_safer_features,25,1045883,784412,261471,full_source_internal_validation,0.259972809236354,0.1258103560523396,0.9684147374364765,0.22269020085209984
headline_leakage_safer_features,25,1045883,784412,261471,full_source_internal_validation,0.26109183885348375,0.1261415787585877,0.968061829474873,0.22319953783187818
headline_leakage_safer_features,25,1045883,784412,261471,full_source_internal_validation,0.26221318353739553,0.12643158598740803,0.9673560135516657,0.22363456133408935
headline_leakage_safer_features,25,1045883,784412,261471,full_source_internal_validation,0.2632471437931293,0.12671872975923903,0.9666149068322981,0.22406374241259142
headline_leakage_safer_features,25,1045883,784412,261471,full_source_internal_validation,0.2644216807500811,0.12696180797252773,0.965520892151327,0.22441413138877728
headline_leakage_safer_features,25,1045883,784412,261471,full_source_internal_validation,0.2655823818532941,0.12723193505743915,0.9646386222473179,0.22481206717878702
headline_leakage_safer_features,25,1045883,784412,261471,full_source_internal_validation,0.26667850723076736,0.1275264610169808,0.9639328063241107,0.22525245444686812
headline_leakage_safer_features,25,1045883,784412,261471,full_source_internal_validation,0.26775088229273003,0.12780187150497851,0.9630152456239413,0.22565680121064777
headline_leakage_safer_features,25,1045883,784412,261471,full_source_internal_validation,0.2688822178035368,0.12814224978272615,0.9626270468661773,0.2261765083892687
headline_leakage_safer_features,25,1045883,784412,261471,full_source_internal_validation,0.2699211049182545,0.12845415818442282,0.9619918125352908,0.22664460556072902
headline_leakage_safer_features,25,1045883,784412,261471,full_source_internal_validation,0.2709894427209295,0.12878157616094388,0.9614624505928854,0.22713933168812114
headline_leakage_safer_features,25,1045883,784412,261471,full_source_internal_validation,0.27208189808277283,0.1290831930581569,0.9607213438735178,0.22758756181264136
headline_leakage_safer_features,25,1045883,784412,261471,full_source_internal_validation,0.2731730017999672,0.12937181017794033,0.9598743647656691,0.22801215550665407
headline_leakage_safer_features,25,1045883,784412,261471,full_source_internal_validation,0.27426270193834745,0.12970102394289587,0.9593097120271034,0.2285073008347414
headline_leakage_safer_features,25,1045883,784412,261471,full_source_internal_validation,0.2753202831712036,0.12998611975302732,0.9584274421230943,0.22892449824247887
headline_leakage_safer_features,25,1045883,784412,261471,full_source_internal_validation,0.27643416011907995,0.13031266204459468,0.9578274985883681,0.22941355468023603
headline_leakage_safer_features,25,1045883,784412,261471,full_source_internal_validation,0.27748722030939654,0.13058953858009825,0.956839356295878,0.22981403312481988
headline_leakage_safer_features,25,1045883,784412,261471,full_source_internal_validation,0.27845292686387624,0.1308952634961129,0.9560629587803501,0.23026480750351672
headline_leakage_safer_features,25,1045883,784412,261471,full_source_internal_validation,0.2795323253562323,0.13121388964287098,0.9553571428571429,0.2307371040878251
headline_leakage_safer_features,25,1045883,784412,261471,full_source_internal_validation,0.2805991616680842,0.13156730315716794,0.9548983625070582,0.2312698989294643
headline_leakage_safer_features,25,1045883,784412,261471,full_source_internal_validation,0.2816584980538537,0.13186084173967338,0.9539808018068887,0.23169623725036426
headline_leakage_safer_features,25,1045883,784412,261471,full_source_internal_validation,0.2826924935314852,0.1321618024154873,0.9530985319028797,0.23213456877138092
headline_leakage_safer_features,25,1045883,784412,261471,full_source_internal_validation,0.28367495758852235,0.13245784138049535,0.9521809712027103,0.2325637522572415
headline_leakage_safer_features,25,1045883,784412,261471,full_source_internal_validation,0.2847439724669564,0.13277548487505048,0.9514045736871823,0.23302993370156191
headline_leakage_safer_features,25,1045883,784412,261471,full_source_internal_validation,0.2857967440932071,0.13305202409245653,0.9503105590062112,0.2334227623600595
headline_leakage_safer_features,25,1045883,784412,261471,full_source_internal_validation,0.2868025829940726,0.13337563388869336,0.9495341614906833,0.23389708215432894
headline_leakage_safer_features,25,1045883,784412,261471,full_source_internal_validation,0.28786389051890604,0.1336509578467843,0.9484048560135516,0.23428591355290918
headline_leakage_safer_features,25,1045883,784412,261471,full_source_internal_validation,0.28885616625035504,0.1339723184081588,0.9475931677018633,0.234754631532012
headline_leakage_safer_features,25,1045883,784412,261471,full_source_internal_validation,0.28984632461271254,0.1342570807845179,0.9464991530208922,0.23515795565141914
headline_leakage_safer_features,25,1045883,784412,261471,full_source_internal_validation,0.29085389590212163,0.1345976134035116,0.9457933370976849,0.23565826034961837
headline_leakage_safer_features,25,1045883,784412,261471,full_source_internal_validation,0.29190054167755997,0.13494039041006156,0.9450875211744777,0.23616145047928955
headline_leakage_safer_features,25,1045883,784412,261471,full_source_internal_validation,0.2929376050772826,0.13527874256189365,0.9443111236589498,0.2366550954076105
headline_leakage_safer_features,25,1045883,784412,261471,full_source_internal_validation,0.2939314362030748,0.13561015693952705,0.9434994353472614,0.23713644548123575
headline_leakage_safer_features,25,1045883,784412,261471,full_source_internal_validation,0.2949701852703528,0.1359234171191849,0.9425465838509317,0.2375850090513234
headline_leakage_safer_features,25,1045883,784412,261471,full_source_internal_validation,0.2960101352156521,0.13626638479960376,0.9417701863354038,0.23808397978347082
headline_leakage_safer_features,25,1045883,784412,261471,full_source_internal_validation,0.2970215123173767,0.1365904642846164,0.9408526256352343,0.2385490206605284
headline_leakage_safer_features,25,1045883,784412,261471,full_source_internal_validation,0.29797446753746537,0.13693658496463235,0.9400762281197064,0.23905161892454588
headline_leakage_safer_features,25,1045883,784412,261471,full_source_internal_validation,0.29900066548994997,0.1372805909022917,0.939264539808018,0.23954925318056422
headline_leakage_safer_features,25,1045883,784412,261471,full_source_internal_validation,0.29993105966957967,0.13761496379643193,0.9383469791078487,0.24002816532685772
headline_leakage_safer_features,25,1045883,784412,261471,full_source_internal_validation,0.3008874738159697,0.1379065008984306,0.9371470920383964,0.24043206243718704
headline_leakage_safer_features,25,1045883,784412,261471,full_source_internal_validation,0.30185887053617777,0.13827891319527674,0.9364765669113495,0.24097567177326346
headline_leakage_safer_features,25,1045883,784412,261471,full_source_internal_validation,0.3028381460998314,0.13863079022635413,0.9356648785996612,0.24148279709451922
headline_leakage_safer_features,25,1045883,784412,261471,full_source_internal_validation,0.3038311956294164,0.13899775962391064,0.9349237718802936,0.2420145343924286
headline_leakage_safer_features,25,1045883,784412,261471,full_source_internal_validation,0.30477033315191815,0.13933554467435372,0.9339356295878035,0.24249310474375302
headline_leakage_safer_features,25,1045883,784412,261471,full_source_internal_validation,0.30573115267884377,0.1396546805160772,0.9328416149068323,0.24293920316161943
headline_leakage_safer_features,25,1045883,784412,261471,full_source_internal_validation,0.3067230007708329,0.14002831103971497,0.9321005081874647,0.24347906247839413
headline_leakage_safer_features,25,1045883,784412,261471,full_source_internal_validation,0.3076691062698408,0.14038251802197219,0.9312182382834556,0.24398407774351488
headline_leakage_safer_features,25,1045883,784412,261471,full_source_internal_validation,0.3085970039959173,0.1407170923379175,0.9301948051948052,0.24445392491467577
headline_leakage_safer_features,25,1045883,784412,261471,full_source_internal_validation,0.30955346295634656,0.14111136112807654,0.9295242800677583,0.24502535001627979
headline_leakage_safer_features,25,1045883,784412,261471,full_source_internal_validation,0.3104470403259181,0.14148387096774193,0.92871259175607,0.24555837563451777
headline_leakage_safer_features,25,1045883,784412,261471,full_source_internal_validation,0.31146444801981266,0.14181041227156724,0.9275479954827781,0.246009126009126
headline_leakage_safer_features,25,1045883,784412,261471,full_source_internal_validation,0.31246211724521056,0.14214396326738357,0.9264539808018069,0.2464721953601037
headline_leakage_safer_features,25,1045883,784412,261471,full_source_internal_validation,0.31344052554403024,0.14250937347171658,0.9255364201016375,0.246988689338218
headline_leakage_safer_features,25,1045883,784412,261471,full_source_internal_validation,0.31442223465850394,0.1428820722563054,0.9246541501976284,0.24751666186452287
headline_leakage_safer_features,25,1045883,784412,261471,full_source_internal_validation,0.3153523115873378,0.14319724168126094,0.9233836815358555,0.24794367371692821
headline_leakage_safer_features,25,1045883,784412,261471,full_source_internal_validation,0.3163081245390369,0.1435193830808608,0.9221485036702428,0.24838166937576642
headline_leakage_safer_features,25,1045883,784412,261471,full_source_internal_validation,0.3171929168290136,0.14390527586530033,0.9213015245623941,0.24892847096740356
headline_leakage_safer_features,25,1045883,784412,261471,full_source_internal_validation,0.31814631040882146,0.144265505623572,0.9202780914737436,0.24942967961624732
headline_leakage_safer_features,25,1045883,784412,261471,full_source_internal_validation,0.3191086707607941,0.14465611344619467,0.9194311123658949,0.24998200912497176
headline_leakage_safer_features,25,1045883,784412,261471,full_source_internal_validation,0.32006356190417806,0.1449779323257991,0.9181253529079616,0.25041389134870823
headline_leakage_safer_features,25,1045883,784412,261471,full_source_internal_validation,0.32105276854644726,0.14533566750376134,0.9170313382269905,0.25090643994805173
headline_leakage_safer_features,25,1045883,784412,261471,full_source_internal_validation,0.3219953352975089,0.14575064698848614,0.9162549407114624,0.25149538187330783
headline_leakage_safer_features,25,1045883,784412,261471,full_source_internal_validation,0.3229722693506609,0.14608488891643517,0.9149844720496895,0.2519447076257804
headline_leakage_safer_features,25,1045883,784412,261471,full_source_internal_validation,0.3238850378300071,0.14645236452477634,0.9138904573687182,0.2524493317345656
headline_leakage_safer_features,25,1045883,784412,261471,full_source_internal_validation,0.32476496064458893,0.14676581613827946,0.9124435347261434,0.25285939922054174
headline_leakage_safer_features,25,1045883,784412,261471,full_source_internal_validation,0.3257477371753341,0.1471548467599952,0.9114553924336533,0.253398415462729
headline_leakage_safer_features,25,1045883,784412,261471,full_source_internal_validation,0.3266440918700946,0.14753535827237738,0.9103966685488425,0.25392122605062284
headline_leakage_safer_features,25,1045883,784412,261471,full_source_internal_validation,0.32756106044130784,0.1478653723614946,0.9090203274985884,0.2543560372281334
headline_leakage_safer_features,25,1045883,784412,261471,full_source_internal_validation,0.3284658389113142,0.14821772251097717,0.9077498588368154,0.254827172846967
headline_leakage_safer_features,25,1045883,784412,261471,full_source_internal_validation,0.32941722984305266,0.1486016716314313,0.9066558441558441,0.2553510816465478
headline_leakage_safer_features,25,1045883,784412,261471,full_source_internal_validation,0.33041453959252465,0.14901844658503022,0.9057382834556748,0.255929558293404
headline_leakage_safer_features,25,1045883,784412,261471,full_source_internal_validation,0.3313747370235086,0.14944920440636475,0.904891304347826,0.25653056936760277
headline_leakage_safer_features,25,1045883,784412,261471,full_source_internal_validation,0.3323106848948536,0.1497896590663086,0.9034796725014116,0.25697494090309114
headline_leakage_safer_features,25,1045883,784412,261471,full_source_internal_validation,0.3332343128739981,0.1501738558406165,0.9023150762281197,0.25749274895262647
headline_leakage_safer_features,25,1045883,784412,261471,full_source_internal_validation,0.33412638442500264,0.15055424528301886,0.9011151891586674,0.25800258669468923
headline_leakage_safer_features,25,1045883,784412,261471,full_source_internal_validation,0.3350652424459105,0.15093490858079753,0.8999153020892151,0.2585118839433707
headline_leakage_safer_features,25,1045883,784412,261471,full_source_internal_validation,0.33599606425769646,0.15134768967484313,0.8988565782044043,0.2590731548539344
headline_leakage_safer_features,25,1045883,784412,261471,full_source_internal_validation,0.33689107262920437,0.15174581963741357,0.8976919819311123,0.2596075829867578
headline_leakage_safer_features,25,1045883,784412,261471,full_source_internal_validation,0.3377953191759199,0.15213836967653452,0.89649209486166,0.26013138155435744
headline_leakage_safer_features,25,1045883,784412,261471,full_source_internal_validation,0.3387719822322106,0.15250028559231846,0.895115753811406,0.2606019819477337
headline_leakage_safer_features,25,1045883,784412,261471,full_source_internal_validation,0.33968213329726116,0.15287293184520756,0.8937747035573123,0.26108874605031884
headline_leakage_safer_features,25,1045883,784412,261471,full_source_internal_validation,0.34063867824100535,0.15323548304992304,0.8923630717108978,0.26155676234807346
headline_leakage_safer_features,25,1045883,784412,261471,full_source_internal_validation,0.3414928712753269,0.15367486006327574,0.8913749294184077,0.2621538589280525
headline_leakage_safer_features,25,1045883,784412,261471,full_source_internal_validation,0.34242306662194144,0.1541168062453041,0.8903867871259176,0.2627536541295439
headline_leakage_safer_features,25,1045883,784412,261471,full_source_internal_validation,0.3433217812451336,0.15452644232243504,0.8891869000564653,0.2632962186959543
headline_leakage_safer_features,25,1045883,784412,261471,full_source_internal_validation,0.3442722191037919,0.15491995073891626,0.8878811405985318,0.26380966361882396
headline_leakage_safer_features,25,1045883,784412,261471,full_source_internal_validation,0.3451531346519111,0.1553404060637535,0.8867165443252399,0.2643673323372825
headline_leakage_safer_features,25,1045883,784412,261471,full_source_internal_validation,0.346070130582403,0.15579820352218904,0.8857284020327498,0.2649858258239235
headline_leakage_safer_features,25,1045883,784412,261471,full_source_internal_validation,0.34696746562765446,0.15618591721361033,0.8843167701863354,0.2654828815561548
headline_leakage_safer_features,25,1045883,784412,261471,full_source_internal_validation,0.34795383224802134,0.15657877443218446,0.8829051383399209,0.26598623182627645
headline_leakage_safer_features,25,1045883,784412,261471,full_source_internal_validation,0.3489410096970216,0.15693421482617328,0.8812817617165444,0.2664248372986237
headline_leakage_safer_features,25,1045883,784412,261471,full_source_internal_validation,0.3498064200937103,0.15730953928479027,0.8797642574816488,0.2668957801367186
headline_leakage_safer_features,25,1045883,784412,261471,full_source_internal_validation,0.3506932968339844,0.157778678967912,0.8787408243929983,0.2675233142808028
headline_leakage_safer_features,25,1045883,784412,261471,full_source_internal_validation,0.35161570651581897,0.15818173719943243,0.8773291925465838,0.2680366798384879
headline_leakage_safer_features,25,1045883,784412,261471,full_source_internal_validation,0.35253475622614716,0.15861271380832806,0.8760587238848109,0.2685955107848282
headline_leakage_safer_features,25,1045883,784412,261471,full_source_internal_validation,0.3534383115633346,0.15903111966634584,0.8746823828345568,0.26913011846720164
headline_leakage_safer_features,25,1045883,784412,261471,full_source_internal_validation,0.3543162884603349,0.1594778148639767,0.8734472049689441,0.26971067400425003
headline_leakage_safer_features,25,1045883,784412,261471,full_source_internal_validation,0.35518023047766467,0.15988300612147174,0.8719649915302089,0.27021883920076123
headline_leakage_safer_features,25,1045883,784412,261471,full_source_internal_validation,0.35607249766356486,0.1603251863452928,0.8706592320722756,0.2707870286526505
headline_leakage_safer_features,25,1045883,784412,261471,full_source_internal_validation,0.3569873846822953,0.16075705661608744,0.8692828910220215,0.2713358044954588
headline_leakage_safer_features,25,1045883,784412,261471,full_source_internal_validation,0.357953413835553,0.16124401913875597,0.8681888763410502,0.2719755010889633
headline_leakage_safer_features,25,1045883,784412,261471,full_source_internal_validation,0.3587825130778738,0.16170120329655863,0.8669184076792772,0.27256285644542083
headline_leakage_safer_features,25,1045883,784412,261471,full_source_internal_validation,0.35969375378514223,0.16216895188480915,0.8656832298136646,0.27316562545239925
headline_leakage_safer_features,25,1045883,784412,261471,full_source_internal_validation,0.360608661701734,0.1626362827510192,0.8644127611518916,0.2737646835287411
headline_leakage_safer_features,25,1045883,784412,261471,full_source_internal_validation,0.36150296066473153,0.16307993944688598,0.8630011293054771,0.27432173966694146
headline_leakage_safer_features,25,1045883,784412,261471,full_source_internal_validation,0.3624115552994711,0.16350629952376805,0.8614836250705816,0.2748475789971458
headline_leakage_safer_features,25,1045883,784412,261471,full_source_internal_validation,0.3632907956178568,0.1640204520990312,0.8603896103896104,0.2755175843052165
headline_leakage_safer_features,25,1045883,784412,261471,full_source_internal_validation,0.36411073700112384,0.16442429197948413,0.8586956521739131,0.27599975045230524
headline_leakage_safer_features,25,1045883,784412,261471,full_source_internal_validation,0.36500629633409565,0.16490304013466459,0.8573898927159797,0.276606039905502
headline_leakage_safer_features,25,1045883,784412,261471,full_source_internal_validation,0.36587029280270233,0.16535878643258906,0.8559429700734048,0.27717114924204767
headline_leakage_safer_features,25,1045883,784412,261471,full_source_internal_validation,0.36678648278875436,0.16594986988083824,0.8551665725578769,0.2779600357888458
headline_leakage_safer_features,25,1045883,784412,261471,full_source_internal_validation,0.36766874907872094,0.16644882572265868,0.8538961038961039,0.2785920714787395
headline_leakage_safer_features,25,1045883,784412,261471,full_source_internal_validation,0.36853586778286607,0.16693386773547095,0.8525197628458498,0.2791974388312934
headline_leakage_safer_features,25,1045883,784412,261471,full_source_internal_validation,0.3694646531097262,0.16741867858779103,0.8511434217955957,0.2798009211457475
headline_leakage_safer_features,25,1045883,784412,261471,full_source_internal_validation,0.37034578650617733,0.16793233056491147,0.8498729531338227,0.28044882059404097
headline_leakage_safer_features,25,1045883,784412,261471,full_source_internal_validation,0.37122978375526217,0.1683888277862232,0.8482848673066065,0.2809981120274954
headline_leakage_safer_features,25,1045883,784412,261471,full_source_internal_validation,0.37218305852169986,0.16890346463231828,0.846979107848673,0.28164220877902235
headline_leakage_safer_features,25,1045883,784412,261471,full_source_internal_validation,0.37304607750490537,0.1694523395410003,0.8458145115753811,0.28234005206922147
headline_leakage_safer_features,25,1045883,784412,261471,full_source_internal_validation,0.37401349933632877,0.17000163374318977,0.8446146245059288,0.2830348220462756
headline_leakage_safer_features,25,1045883,784412,261471,full_source_internal_validation,0.37484349803952965,0.1704977698483497,0.8431324110671937,0.2836383495289711
headline_leakage_safer_features,25,1045883,784412,261471,full_source_internal_validation,0.3757688152006645,0.1710032910067326,0.8416854884246189,0.2842551264250001
headline_leakage_safer_features,25,1045883,784412,261471,full_source_internal_validation,0.3767505865837326,0.1714355693868142,0.8398503670242801,0.28474681726811524
headline_leakage_safer_features,25,1045883,784412,261471,full_source_internal_validation,0.3776381128888623,0.1719166184134337,0.8382269904009034,0.28531616375168173
headline_leakage_safer_features,25,1045883,784412,261471,full_source_internal_validation,0.3785371343509105,0.17241554852550817,0.8366741953698476,0.285912410079534
headline_leakage_safer_features,25,1045883,784412,261471,full_source_internal_validation,0.3794111264120036,0.1729824920351913,0.8354390175042349,0.28661888272755887
headline_leakage_safer_features,25,1045883,784412,261471,full_source_internal_validation,0.38032544942793733,0.1735194349403075,0.8340273856578204,0.28727193163723
headline_leakage_safer_features,25,1045883,784412,261471,full_source_internal_validation,0.3812405857613438,0.17404071032808777,0.8325098814229249,0.28789533741357953
headline_leakage_safer_features,25,1045883,784412,261471,full_source_internal_validation,0.3820962350888226,0.17458058107036156,0.8310629587803501,0.28854648491346296
headline_leakage_safer_features,25,1045883,784412,261471,full_source_internal_validation,0.38303853707405566,0.17511211764530596,0.8295454545454546,0.28918004551885346
headline_leakage_safer_features,25,1045883,784412,261471,full_source_internal_validation,0.3839084418013011,0.17560749202736894,0.8278514963297572,0.28975160266307637
headline_leakage_safer_features,25,1045883,784412,261471,full_source_internal_validation,0.3847584513956722,0.1761957781021019,0.8265457368718239,0.2904714067790304
headline_leakage_safer_features,25,1045883,784412,261471,full_source_internal_validation,0.3856093223906799,0.1766902798043411,0.8247811970638057,0.2910333920688389
headline_leakage_safer_features,25,1045883,784412,261471,full_source_internal_validation,0.3864930805312725,0.1772062454887361,0.8230872388481084,0.29162681071078017
headline_leakage_safer_features,25,1045883,784412,261471,full_source_internal_validation,0.3874476593019056,0.17779525634955787,0.821675607001694,0.2923347353882855
headline_leakage_safer_features,25,1045883,784412,261471,full_source_internal_validation,0.38835052383268853,0.1784127276494831,0.8204051383399209,0.2930879061997667
headline_leakage_safer_features,25,1045883,784412,261471,full_source_internal_validation,0.38925059978044396,0.17904138963022384,0.8191699604743083,0.2938562621058095
headline_leakage_safer_features,25,1045883,784412,261471,full_source_internal_validation,0.3901806561867829,0.17958756492751377,0.8175112930547713,0.29448406493523005
headline_leakage_safer_features,25,1045883,784412,261471,full_source_internal_validation,0.39104392198769966,0.18010394508208857,0.8157114624505929,0.29506041245141157
headline_leakage_safer_features,25,1045883,784412,261471,full_source_internal_validation,0.3919868082985821,0.18074733123957362,0.8144409937888198,0.2958395559458264
headline_leakage_safer_features,25,1045883,784412,261471,full_source_internal_validation,0.3929426005220965,0.1813279380274594,0.8128529079616036,0.2965113285272915
headline_leakage_safer_features,25,1045883,784412,261471,full_source_internal_validation,0.3938957351000292,0.18196997633875933,0.8115118577075099,0.29727930292237387
headline_leakage_safer_features,25,1045883,784412,261471,full_source_internal_validation,0.39478460857371944,0.18253627338678885,0.8098178994918125,0.29792012879102614
headline_leakage_safer_features,25,1045883,784412,261471,full_source_internal_validation,0.39568801245114926,0.1832524368887787,0.8087591756070017,0.29880111869511644
headline_leakage_safer_features,25,1045883,784412,261471,full_source_internal_validation,0.39666600535595486,0.18384457091411852,0.8071357989836251,0.29947623412334684
headline_leakage_safer_features,25,1045883,784412,261471,full_source_internal_validation,0.39757545949889095,0.18441063102520383,0.805371259175607,0.30010454542465825
headline_leakage_safer_features,25,1045883,784412,261471,full_source_internal_validation,0.398476683655938,0.1849288360304153,0.8033596837944664,0.3006497966083787
headline_leakage_safer_features,25,1045883,784412,261471,full_source_internal_validation,0.3993743973336724,0.18565676529920533,0.8022303783173348,0.3015314006778222
headline_leakage_safer_features,25,1045883,784412,261471,full_source_internal_validation,0.40029956120744914,0.18619545760596456,0.8002540937323546,0.30210095788758473
headline_leakage_safer_features,25,1045883,784412,261471,full_source_internal_validation,0.4011735777746953,0.18671520915372614,0.7981719367588933,0.3026353643279118
headline_leakage_safer_features,25,1045883,784412,261471,full_source_internal_validation,0.4021154153549653,0.18738327453828596,0.7966897233201581,0.303404990222497
headline_leakage_safer_features,25,1045883,784412,261471,full_source_internal_validation,0.4029721889334861,0.1879438838954124,0.7947487295313382,0.3039977321661188
headline_leakage_safer_features,25,1045883,784412,261471,full_source_internal_validation,0.40389567735899334,0.18863443738618912,0.7933018068887634,0.30479380080405144
headline_leakage_safer_features,25,1045883,784412,261471,full_source_internal_validation,0.40479681838930737,0.18928884838666127,0.7916784302653868,0.3055268032251035
headline_leakage_safer_features,25,1045883,784412,261471,full_source_internal_validation,0.4057636058507649,0.18995214499049687,0.7900550536420101,0.30626846886286524
headline_leakage_safer_features,25,1045883,784412,261471,full_source_internal_validation,0.40663903318243855,0.19062651979898126,0.7884669678147939,0.30702423405410234
headline_leakage_safer_features,25,1045883,784412,261471,full_source_internal_validation,0.4075843196556246,0.19126555126555125,0.7867024280067758,0.30771779191916404
headline_leakage_safer_features,25,1045883,784412,261471,full_source_internal_validation,0.4084977963735261,0.1919668665602485,0.7851496329757199,0.30850510639182976
headline_leakage_safer_features,25,1045883,784412,261471,full_source_internal_validation,0.40948580491412945,0.19258603634091737,0.7832439299830605,0.30915599882990435
headline_leakage_safer_features,25,1045883,784412,261471,full_source_internal_validation,0.4103321583175503,0.19324885677383322,0.7814793901750423,0.3098709803811816
headline_leakage_safer_features,25,1045883,784412,261471,full_source_internal_validation,0.41122087641789395,0.19379103324790226,0.7791854884246189,0.31038603199595133
headline_leakage_safer_features,25,1045883,784412,261471,full_source_internal_validation,0.4120871336480537,0.19448613146418545,0.7774915302089215,0.31114155380117786
headline_leakage_safer_features,25,1045883,784412,261471,full_source_internal_validation,0.41303718629445185,0.19517847629195526,0.7757269904009034,0.3118845597207639
headline_leakage_safer_features,25,1045883,784412,261471,full_source_internal_validation,0.4139452421041595,0.19590050462198008,0.7740683229813664,0.3126706153199193
headline_leakage_safer_features,25,1045883,784412,261471,full_source_internal_validation,0.4149299234168107,0.1965861108615578,0.7722332015810277,0.3133924351574696
headline_leakage_safer_features,25,1045883,784412,261471,full_source_internal_validation,0.4158769427577983,0.19732680246534243,0.7705745341614907,0.31419526584646384
headline_leakage_safer_features,25,1045883,784412,261471,full_source_internal_validation,0.4168999444853786,0.19810728993372786,0.7690570299265952,0.31505670934023433
headline_leakage_safer_features,25,1045883,784412,261471,full_source_internal_validation,0.41784896493321544,0.19875992244942753,0.7670101637492942,0.3157084338049447
headline_leakage_safer_features,25,1045883,784412,261471,full_source_internal_validation,0.41883950665066116,0.19937623051870387,0.7647868435911914,0.31629570167116683
headline_leakage_safer_features,25,1045883,784412,261471,full_source_internal_validation,0.41988130875590457,0.20021473727080036,0.763375211744777,0.3172282309807516
headline_leakage_safer_features,25,1045883,784412,261471,full_source_internal_validation,0.4208314991270171,0.200988974148849,0.7616812535290797,0.3180518715001474
headline_leakage_safer_features,25,1045883,784412,261471,full_source_internal_validation,0.42179103311050004,0.20174082506488275,0.7598814229249012,0.3188343562824376
headline_leakage_safer_features,25,1045883,784412,261471,full_source_internal_validation,0.4227830204920934,0.2025057505939138,0.7580815923207228,0.3196291997738297
headline_leakage_safer_features,25,1045883,784412,261471,full_source_internal_validation,0.4238021293815504,0.2032309779257615,0.7560700169395822,0.32035169304613725
headline_leakage_safer_features,25,1045883,784412,261471,full_source_internal_validation,0.42476596052578974,0.2039670873026479,0.7540937323546019,0.3210867180573712
headline_leakage_safer_features,25,1045883,784412,261471,full_source_internal_validation,0.4257631366230513,0.20458365751279908,0.751658667419537,0.3216278455207822
headline_leakage_safer_features,25,1045883,784412,261471,full_source_internal_validation,0.42672478442590633,0.20535498525929147,0.7497529644268774,0.3224044130479319
headline_leakage_safer_features,25,1045883,784412,261471,full_source_internal_validation,0.4277873442509861,0.20607575728098676,0.7476355166572558,0.3230947551434367
headline_leakage_safer_features,25,1045883,784412,261471,full_source_internal_validation,0.42882572435083754,0.20680405306182387,0.7454827780914738,0.32378660494631395
headline_leakage_safer_features,25,1045883,784412,261471,full_source_internal_validation,0.42984637422097227,0.20758490900670995,0.7435064935064936,0.3245549847104223
headline_leakage_safer_features,25,1045883,784412,261471,full_source_internal_validation,0.43091073415623093,0.20836804315918916,0.741494918125353,0.3253181804106153
headline_leakage_safer_features,25,1045883,784412,261471,full_source_internal_validation,0.43196949175281896,0.20913564719152716,0.7393774703557312,0.32604754308835543
headline_leakage_safer_features,25,1045883,784412,261471,full_source_internal_validation,0.4330795615399964,0.20992182318776503,0.7372600225861096,0.3267946251192767
headline_leakage_safer_features,25,1045883,784412,261471,full_source_internal_validation,0.4341277928025107,0.21062054316492188,0.734860248447205,0.3274030864537229
headline_leakage_safer_features,25,1045883,784412,261471,full_source_internal_validation,0.4352150419625912,0.21142822233309236,0.732813382269904,0.3281732767544588
headline_leakage_safer_features,25,1045883,784412,261471,full_source_internal_validation,0.43631323196188276,0.21221004725345688,0.7306253529079616,0.3288931252234004
headline_leakage_safer_features,25,1045883,784412,261471,full_source_internal_validation,0.43747408086391903,0.21300022702412647,0.7284373235460192,0.32961785982338193
headline_leakage_safer_features,25,1045883,784412,261471,full_source_internal_validation,0.43853539952004406,0.21379962389219628,0.7262140033879164,0.3303447445519123
headline_leakage_safer_features,25,1045883,784412,261471,full_source_internal_validation,0.43962997382964386,0.21462419582614153,0.7240612648221344,0.331103597969838
headline_leakage_safer_features,25,1045883,784412,261471,full_source_internal_validation,0.4407316305983191,0.21553839833998673,0.7221555618294748,0.3319894544717095
headline_leakage_safer_features,25,1045883,784412,261471,full_source_internal_validation,0.44183861222577625,0.21642060158669552,0.720108695652174,0.33281683249062144
headline_leakage_safer_features,25,1045883,784412,261471,full_source_internal_validation,0.4429888439962213,0.2172961080018798,0.7179912478825522,0.33362303630579515
headline_leakage_safer_features,25,1045883,784412,261471,full_source_internal_validation,0.44410163597570596,0.2180464876144174,0.7154150197628458,0.33422638429769097
headline_leakage_safer_features,25,1045883,784412,261471,full_source_internal_validation,0.4452009712164402,0.2188870955511986,0.7131211180124224,0.3349605894590271
headline_leakage_safer_features,25,1045883,784412,261471,full_source_internal_validation,0.4462724531561254,0.21981366730668528,0.7110742518351214,0.33581666666666665
headline_leakage_safer_features,25,1045883,784412,261471,full_source_internal_validation,0.4474137747898329,0.22069245898757267,0.7088156408808582,0.3365872051615066
headline_leakage_safer_features,25,1045883,784412,261471,full_source_internal_validation,0.4486035393237713,0.2215839918542621,0.7065570299265952,0.3373662482096217
headline_leakage_safer_features,25,1045883,784412,261471,full_source_internal_validation,0.44969929222149596,0.22254799224097568,0.7045101637492942,0.3382470052017147
headline_leakage_safer_features,25,1045883,784412,261471,full_source_internal_validation,0.4508294724090328,0.22336518916976428,0.7019339356295878,0.3388906400415733
headline_leakage_safer_features,25,1045883,784412,261471,full_source_internal_validation,0.4519362473660824,0.2243452683975338,0.6998517786561265,0.33977263965870247
headline_leakage_safer_features,25,1045883,784412,261471,full_source_internal_validation,0.4530783656755559,0.22534504963472038,0.6977696216826652,0.3406704170507508
headline_leakage_safer_features,25,1045883,784412,261471,full_source_internal_validation,0.4542895297971181,0.2261990882680538,0.6951933935629587,0.34133578229642275
headline_leakage_safer_features,25,1045883,784412,261471,full_source_internal_validation,0.4554680878732925,0.22717280636801185,0.6929347826086957,0.3421685487243831
headline_leakage_safer_features,25,1045883,784412,261471,full_source_internal_validation,0.45656792992392914,0.2281264208354221,0.6905702992659515,0.34295829572441355
headline_leakage_safer_features,25,1045883,784412,261471,full_source_internal_validation,0.4577005814411559,0.22909201978313734,0.6882058159232072,0.3437541314483646
headline_leakage_safer_features,25,1045883,784412,261471,full_source_internal_validation,0.45884952649814714,0.23009080039303428,0.6859119141727837,0.34458854503709874
headline_leakage_safer_features,25,1045883,784412,261471,full_source_internal_validation,0.4600043706255791,0.23116387281512857,0.6837591756070017,0.3455163128282406
headline_leakage_safer_features,25,1045883,784412,261471,full_source_internal_validation,0.461202791419829,0.2322094225728097,0.6815005646527386,0.3463918635311844
headline_leakage_safer_features,25,1045883,784412,261471,full_source_internal_validation,0.4624099831094308,0.23322869574702754,0.679100790513834,0.34721182212679197
headline_leakage_safer_features,25,1045883,784412,261471,full_source_internal_validation,0.4635935129849995,0.23410909535153626,0.6762775268210051,0.3478142498026155
headline_leakage_safer_features,25,1045883,784412,261471,full_source_internal_validation,0.46474331483126363,0.23517893647939705,0.6739483342744212,0.34868264894374557
headline_leakage_safer_features,25,1045883,784412,261471,full_source_internal_validation,0.46592184262742653,0.236290953332754,0.6716897233201581,0.349598199935712
headline_leakage_safer_features,25,1045883,784412,261471,full_source_internal_validation,0.4671118883729336,0.2373681114434835,0.6692899491812535,0.35044764535770057
headline_leakage_safer_features,25,1045883,784412,261471,full_source_internal_validation,0.46831049802209745,0.23839931348670512,0.6666784302653868,0.35120890153099643
headline_leakage_safer_features,25,1045883,784412,261471,full_source_internal_validation,0.4696014486570763,0.23969613294819753,0.6647727272727273,0.35234701607699
headline_leakage_safer_features,25,1045883,784412,261471,full_source_internal_validation,0.47091779558542446,0.24088284357756962,0.6624788255223037,0.3533020909792408
headline_leakage_safer_features,25,1045883,784412,261471,full_source_internal_validation,0.4721755478414309,0.24188935619540602,0.6596555618294748,0.3539782787777788
headline_leakage_safer_features,25,1045883,784412,261471,full_source_internal_validation,0.47335123462407735,0.24287709314921888,0.6567264257481649,0.3546091181935115
headline_leakage_safer_features,25,1045883,784412,261471,full_source_internal_validation,0.4745728910986158,0.2439839924174609,0.6540796160361377,0.35539789069990413
headline_leakage_safer_features,25,1045883,784412,261471,full_source_internal_validation,0.47582979545768467,0.24508332780027886,0.6513269339356296,0.3561524879150143
headline_leakage_safer_features,25,1045883,784412,261471,full_source_internal_validation,0.477059867090344,0.24634633159636174,0.6489977413890458,0.35713245361064994
headline_leakage_safer_features,25,1045883,784412,261471,full_source_internal_validation,0.4782622782502709,0.24749986485755987,0.6463156408808582,0.3579330023843959
headline_leakage_safer_features,25,1045883,784412,261471,full_source_internal_validation,0.47954822076564885,0.24866722113903167,0.6436335403726708,0.3587368089772716
headline_leakage_safer_features,25,1045883,784412,261471,full_source_internal_validation,0.48087534825063705,0.2500619067271977,0.6414808018068887,0.35984795993110685
headline_leakage_safer_features,25,1045883,784412,261471,full_source_internal_validation,0.4821209386457693,0.2514403920643074,0.6391516092603049,0.3609027051262891
headline_leakage_safer_features,25,1045883,784412,261471,full_source_internal_validation,0.48338964389091976,0.2528476357267951,0.6368929983060417,0.3619861399444394
headline_leakage_safer_features,25,1045883,784412,261471,full_source_internal_validation,0.4847735767391895,0.25411841230786636,0.6342108977978543,0.3628489223158851
headline_leakage_safer_features,25,1045883,784412,261471,full_source_internal_validation,0.48604763364948833,0.25540934003197074,0.6315287972896668,0.3637195121951219
headline_leakage_safer_features,25,1045883,784412,261471,full_source_internal_validation,0.4873748029696344,0.2566743988358523,0.6287055335968379,0.3645273830351023
headline_leakage_safer_features,25,1045883,784412,261471,full_source_internal_validation,0.4887272272998159,0.25806920827939317,0.6261293054771315,0.36549415460678786
headline_leakage_safer_features,25,1045883,784412,261471,full_source_internal_validation,0.49009233406068575,0.2592777524855712,0.6230590062111802,0.36617615032822076
headline_leakage_safer_features,25,1045883,784412,261471,full_source_internal_validation,0.49141477169450576,0.2605091858068534,0.620023997741389,0.366873048853065
headline_leakage_safer_features,25,1045883,784412,261471,full_source_internal_validation,0.4927342417377236,0.26203096457341357,0.6175889328063241,0.3679485292571645
headline_leakage_safer_features,25,1045883,784412,261471,full_source_internal_validation,0.49414666891037073,0.2635446751243706,0.6150832862789385,0.36898876880246434
headline_leakage_safer_features,25,1045883,784412,261471,full_source_internal_validation,0.4954758118792021,0.26516898547625956,0.6127540937323546,0.3701540265415978
headline_leakage_safer_features,25,1045883,784412,261471,full_source_internal_validation,0.49696844378479876,0.26634375096411933,0.6093308865047995,0.3706661514351345
headline_leakage_safer_features,25,1045883,784412,261471,full_source_internal_validation,0.49841019166932665,0.26757468559584846,0.6059429700734048,0.3712231771255608
headline_leakage_safer_features,25,1045883,784412,261471,full_source_internal_validation,0.4997971028018944,0.26882566871861074,0.6025903444381705,0.37178970746736634
headline_leakage_safer_features,25,1045883,784412,261471,full_source_internal_validation,0.5011658001697027,0.2703179930960979,0.5996964991530209,0.37265759492976896
headline_leakage_safer_features,25,1045883,784412,261471,full_source_internal_validation,0.5026477918459273,0.27195859053497945,0.5970496894409938,0.3736967662131119
headline_leakage_safer_features,25,1045883,784412,261471,full_source_internal_validation,0.5041072022407088,0.27350413464818935,0.5941205533596838,0.37457308458209565
headline_leakage_safer_features,25,1045883,784412,261471,full_source_internal_validation,0.5056488899075265,0.27506198788157443,0.5911561264822134,0.3754356474477503
headline_leakage_safer_features,25,1045883,784412,261471,full_source_internal_validation,0.5071338046135636,0.2767606685810082,0.5884387351778656,0.3764604946773083
headline_leakage_safer_features,25,1045883,784412,261471,full_source_internal_validation,0.508602760709383,0.2786904502206635,0.5861095426312818,0.3777593285491704
headline_leakage_safer_features,25,1045883,784412,261471,full_source_internal_validation,0.5101507841552438,0.28024364586514644,0.5828980801806889,0.3785090634094919
headline_leakage_safer_features,25,1045883,784412,261471,full_source_internal_validation,0.5115808666902983,0.2821062745569034,0.5802512704686618,0.3796395709948164
headline_leakage_safer_features,25,1045883,784412,261471,full_source_internal_validation,0.5131066452692521,0.28366677656122574,0.5769339356295878,0.3803319878558052
headline_leakage_safer_features,25,1045883,784412,261471,full_source_internal_validation,0.5146504085234513,0.2851727042965459,0.5734048560135516,0.38090772693173286
headline_leakage_safer_features,25,1045883,784412,261471,full_source_internal_validation,0.5162498455682984,0.2869647042113486,0.5704051383399209,0.3818332152137964
headline_leakage_safer_features,25,1045883,784412,261471,full_source_internal_validation,0.5178357121274704,0.28875516436141546,0.5672995482778092,0.382710758755327
headline_leakage_safer_features,25,1045883,784412,261471,full_source_internal_validation,0.5194451971354094,0.29035951870296994,0.563770468661773,0.3833049403747871
headline_leakage_safer_features,25,1045883,784412,261471,full_source_internal_validation,0.5210607605031956,0.2920682804797292,0.560347261434218,0.3839903264812575
headline_leakage_safer_features,25,1045883,784412,261471,full_source_internal_validation,0.5227309052740363,0.2940125111706881,0.5573122529644269,0.38494539781591264
headline_leakage_safer_features,25,1045883,784412,261471,full_source_internal_validation,0.5243140937706856,0.29566315472039506,0.553606719367589,0.3854631233644171
headline_leakage_safer_features,25,1045883,784412,261471,full_source_internal_validation,0.525942253638868,0.29771196305555025,0.5505717108977979,0.3864551208214122
headline_leakage_safer_features,25,1045883,784412,261471,full_source_internal_validation,0.5275460784665391,0.29956134418056385,0.547077922077922,0.38713866516825873
headline_leakage_safer_features,25,1045883,784412,261471,full_source_internal_validation,0.529221938275557,0.3016087364960075,0.5438664596273292,0.38803001309296
headline_leakage_safer_features,25,1045883,784412,261471,full_source_internal_validation,0.5309602452742984,0.30372294029022284,0.5406902879728966,0.38895658796648896
headline_leakage_safer_features,25,1045883,784412,261471,full_source_internal_validation,0.5327168260627421,0.3058970032939664,0.5374788255223037,0.38989299063028005
headline_leakage_safer_features,25,1045883,784412,261471,full_source_internal_validation,0.5344610552652068,0.3078050269665208,0.5337380011293055,0.39044287539853617
headline_leakage_safer_features,25,1045883,784412,261471,full_source_internal_validation,0.5363053549932323,0.31010086425610034,0.530561829474873,0.3914237733834958
headline_leakage_safer_features,25,1045883,784412,261471,full_source_internal_validation,0.5380157832759102,0.3123418846306634,0.5272092038396387,0.3922799185977811
headline_leakage_safer_features,25,1045883,784412,261471,full_source_internal_validation,0.5398614656494433,0.31476417594064654,0.5240330321852061,0.3932936923097297
headline_leakage_safer_features,25,1045883,784412,261471,full_source_internal_validation,0.5416950003065101,0.31703961651727175,0.5205039525691699,0.39405800392748835
headline_leakage_safer_features,25,1045883,784412,261471,full_source_internal_validation,0.5435500874196613,0.3191837268624501,0.5166572557876906,0.394593210517095
headline_leakage_safer_features,25,1045883,784412,261471,full_source_internal_validation,0.5454550857507294,0.32152968238520746,0.5130223037831734,0.3953064665252624
headline_leakage_safer_features,25,1045883,784412,261471,full_source_internal_validation,0.5475035211799179,0.32392280071813284,0.5093873517786561,0.3960162423178226
headline_leakage_safer_features,25,1045883,784412,261471,full_source_internal_validation,0.5493519120265284,0.3263256195335277,0.5056112365894975,0.3966500553709856
headline_leakage_safer_features,25,1045883,784412,261471,full_source_internal_validation,0.5514150254782868,0.3289248554913295,0.502046866177301,0.39745201575727096
headline_leakage_safer_features,25,1045883,784412,261471,full_source_internal_validation,0.5534532665378711,0.3315100009390553,0.49834133258046304,0.398155980375571
headline_leakage_safer_features,25,1045883,784412,261471,full_source_internal_validation,0.5554988738195015,0.33392938034952196,0.49428289102202144,0.3985827914455243
headline_leakage_safer_features,25,1045883,784412,261471,full_source_internal_validation,0.5576179811780151,0.33645765215917073,0.4902597402597403,0.3990520646319569
headline_leakage_safer_features,25,1045883,784412,261471,full_source_internal_validation,0.5596185850597657,0.338862092725662,0.4859542631281762,0.39929246650814826
headline_leakage_safer_features,25,1045883,784412,261471,full_source_internal_validation,0.5617646708096324,0.3417537892051423,0.48221343873517786,0.4000117099446705
headline_leakage_safer_features,25,1045883,784412,261471,full_source_internal_validation,0.5639075102022872,0.34429188914314773,0.47787267080745344,0.4002305441432921
headline_leakage_safer_features,25,1045883,784412,261471,full_source_internal_validation,0.5657951426473898,0.34756302521008403,0.47437888198757766,0.40118786467893336
headline_leakage_safer_features,25,1045883,784412,261471,full_source_internal_validation,0.5677749155045259,0.35090210930513915,0.4708498023715415,0.40212182404532987
headline_leakage_safer_features,25,1045883,784412,261471,full_source_internal_validation,0.5697665296230869,0.3542335688289446,0.46714426877470355,0.4029282844271277
headline_leakage_safer_features,25,1045883,784412,261471,full_source_internal_validation,0.571786859439015,0.3572926596758818,0.46294466403162055,0.403314322608415
headline_leakage_safer_features,25,1045883,784412,261471,full_source_internal_validation,0.5740471018953393,0.36049252613771876,0.45874505928853754,0.4037269974376892
headline_leakage_safer_features,25,1045883,784412,261471,full_source_internal_validation,0.5762631954014573,0.36395989267052675,0.4547571993224167,0.4043237476663372
headline_leakage_safer_features,25,1045883,784412,261471,full_source_internal_validation,0.5785733882992234,0.3671625471182344,0.4503105590062112,0.4045079173865491
headline_leakage_safer_features,25,1045883,784412,261471,full_source_internal_validation,0.5809711336583729,0.3701466275659824,0.4454404291360813,0.40431802165417385
headline_leakage_safer_features,25,1045883,784412,261471,full_source_internal_validation,0.5834232454664882,0.37351630938499714,0.4408879164313947,0.40441545408931256
headline_leakage_safer_features,25,1045883,784412,261471,full_source_internal_validation,0.5858041222037496,0.3766352575244717,0.43587662337662336,0.4040962554597654
headline_leakage_safer_features,25,1045883,784412,261471,full_source_internal_validation,0.5882909735919654,0.38008711885500934,0.4311123658949746,0.4039949732125141
headline_leakage_safer_features,25,1045883,784412,261471,full_source_internal_validation,0.5908785632106651,0.3838970938542163,0.426559853190288,0.4041055816519283
headline_leakage_safer_features,25,1045883,784412,261471,full_source_internal_validation,0.5934821410849049,0.3876816294758692,0.42183088650479955,0.40403596538669545
headline_leakage_safer_features,25,1045883,784412,261471,full_source_internal_validation,0.5962414144189528,0.39125103562551783,0.41664313946922643,0.4035480507938678
headline_leakage_safer_features,25,1045883,784412,261471,full_source_internal_validation,0.5991670655656394,0.39537247196720754,0.41187888198757766,0.4034569181574626
headline_leakage_safer_features,25,1045883,784412,261471,full_source_internal_validation,0.6021094509506624,0.39967435737545903,0.4071499153020892,0.403377504283067
headline_leakage_safer_features,25,1045883,784412,261471,full_source_internal_validation,0.6050191788661751,0.40427492821948885,0.40249153020892153,0.40338125806850933
headline_leakage_safer_features,25,1045883,784412,261471,full_source_internal_validation,0.6079603189418358,0.4081143852518508,0.39688029361942406,0.40241895083375084
headline_leakage_safer_features,25,1045883,784412,261471,full_source_internal_validation,0.6107639463915719,0.4117472118959108,0.3908808582721626,0.40104279817510313
headline_leakage_safer_features,25,1045883,784412,261471,full_source_internal_validation,0.6138522548722107,0.4162158043130382,0.3855166572557877,0.40027848008500966
headline_leakage_safer_features,25,1045883,784412,261471,full_source_internal_validation,0.6169420298941081,0.42124799749931624,0.380470073404856,0.3998219881696305
headline_leakage_safer_features,25,1045883,784412,261471,full_source_internal_validation,0.6203107520814435,0.42670408981555735,0.37556465273856576,0.39950446730235006
headline_leakage_safer_features,25,1045883,784412,261471,full_source_internal_validation,0.6236943299969252,0.4309301272285585,0.3693534726143422,0.3977728369724265
headline_leakage_safer_features,25,1045883,784412,261471,full_source_internal_validation,0.6271832165892022,0.43653211474993653,0.3640951439864483,0.3970367519722917
headline_leakage_safer_features,25,1045883,784412,261471,full_source_internal_validation,0.6305889700586794,0.4418189730200174,0.35830745341614906,0.3957050432613609
headline_leakage_safer_features,25,1045883,784412,261471,full_source_internal_validation,0.6341015491099905,0.4470171981368685,0.3522374364765669,0.3940075793462814
headline_leakage_safer_features,25,1045883,784412,261471,full_source_internal_validation,0.6381272098860319,0.4522381172127365,0.3458498023715415,0.3919529656441227
headline_leakage_safer_features,25,1045883,784412,261471,full_source_internal_validation,0.6420253514580553,0.4579150211733359,0.3396386222473179,0.39000668652361553
headline_leakage_safer_features,25,1045883,784412,261471,full_source_internal_validation,0.6461597014731495,0.464148904822709,0.33353331451157536,0.3881473571809931
headline_leakage_safer_features,25,1045883,784412,261471,full_source_internal_validation,0.6506597672162423,0.47000913427382524,0.3268633540372671,0.3855792847924733
headline_leakage_safer_features,25,1045883,784412,261471,full_source_internal_validation,0.6547437701257285,0.47715816005040956,0.32068746470920384,0.38357956943858174
headline_leakage_safer_features,25,1045883,784412,261471,full_source_internal_validation,0.6593718470166414,0.48411835091917765,0.31412337662337664,0.38101964813150124
headline_leakage_safer_features,25,1045883,784412,261471,full_source_internal_validation,0.6638113465468483,0.48987534547915845,0.30650056465273856,0.37707587105177465
headline_leakage_safer_features,25,1045883,784412,261471,full_source_internal_validation,0.6685375389140605,0.49484596462457536,0.2981719367588933,0.3721206782646994
headline_leakage_safer_features,25,1045883,784412,261471,full_source_internal_validation,0.6734980611851732,0.5008830156506912,0.29026679841897235,0.36754027302991704
headline_leakage_safer_features,25,1045883,784412,261471,full_source_internal_validation,0.6790363136771914,0.5078650260053279,0.28257340485601357,0.36311278400072555
headline_leakage_safer_features,25,1045883,784412,261471,full_source_internal_validation,0.6847854201650515,0.5155505558496559,0.2749505928853755,0.35863561038482783
headline_leakage_safer_features,25,1045883,784412,261471,full_source_internal_validation,0.6904774885420639,0.5240334739608549,0.2673983625070582,0.3541067881761888
headline_leakage_safer_features,25,1045883,784412,261471,full_source_internal_validation,0.6966691136150587,0.5317977690859047,0.25910502540937325,0.3484409852403778
headline_leakage_safer_features,25,1045883,784412,261471,full_source_internal_validation,0.7031140441460347,0.539812913529546,0.25049407114624506,0.3421959744485959
headline_leakage_safer_features,25,1045883,784412,261471,full_source_internal_validation,0.709929092808127,0.548095390524968,0.24170666290231507,0.3354721786833855
headline_leakage_safer_features,25,1045883,784412,261471,full_source_internal_validation,0.7161385478933466,0.5569727172903117,0.2327075098814229,0.32826384567517114
headline_leakage_safer_features,25,1045883,784412,261471,full_source_internal_validation,0.7229101835345295,0.567379057497988,0.22392010163749293,0.3211113641539512
headline_leakage_safer_features,25,1045883,784412,261471,full_source_internal_validation,0.7305722125460399,0.575812274368231,0.2138975155279503,0.3119242447635222
headline_leakage_safer_features,25,1045883,784412,261471,full_source_internal_validation,0.7383247658579177,0.5860182370820669,0.2041219649915302,0.30277966811495577
headline_leakage_safer_features,25,1045883,784412,261471,full_source_internal_validation,0.7462865232043545,0.5949202214262456,0.1934288537549407,0.29193853364936484
headline_leakage_safer_features,25,1045883,784412,261471,full_source_internal_validation,0.7552299268904428,0.6082028511334424,0.18368859401468096,0.28215970076435193
headline_leakage_safer_features,25,1045883,784412,261471,full_source_internal_validation,0.7636641674022556,0.6202707832468682,0.17299548277809149,0.2705372664808632
headline_leakage_safer_features,25,1045883,784412,261471,full_source_internal_validation,0.7738865763428567,0.6365894039735099,0.1628317334839074,0.259330035971223
headline_leakage_safer_features,25,1045883,784412,261471,full_source_internal_validation,0.7841635102786999,0.6506828528072838,0.1513269339356296,0.24554772948519732
headline_leakage_safer_features,25,1045883,784412,261471,full_source_internal_validation,0.7949852109221327,0.6681833501853724,0.13992800677583286,0.23139772395681354
headline_leakage_safer_features,25,1045883,784412,261471,full_source_internal_validation,0.8063885471353124,0.6873815839333081,0.12803500846979107,0.21586243826976853
headline_leakage_safer_features,25,1045883,784412,261471,full_source_internal_validation,0.8193339207188943,0.704442036836403,0.11473037831733483,0.1973232982307062
headline_leakage_safer_features,25,1045883,784412,261471,full_source_internal_validation,0.8341965174107429,0.7250694269123958,0.10135516657255787,0.17784933585162707
headline_leakage_safer_features,25,1045883,784412,261471,full_source_internal_validation,0.8509510481813298,0.7441719648804117,0.08674477696216827,0.15537785644299756
headline_leakage_safer_features,25,1045883,784412,261471,full_source_internal_validation,0.8719983727973568,0.7665531592886871,0.07149915302089214,0.13079828270764066
headline_leakage_safer_features,25,1045883,784412,261471,full_source_internal_validation,0.8937968948433584,0.7956718671363865,0.055794748729531336,0.10427728127164197
headline_leakage_safer_features,25,1045883,784412,261471,full_source_internal_validation,0.9177636038271593,0.8325825825825826,0.03913749294184077,0.07476068491303761
headline_leakage_safer_features,25,1045883,784412,261471,full_source_internal_validation,0.9490205675295591,0.8731117824773413,0.020398080180688876,0.0398648182633285
headline_leakage_safer_features,25,1045883,784412,261471,full_source_internal_validation,0.9926890891786673,1.0,3.5290796160361375e-05,7.057910152803755e-05
